ID,Case Number,Date,Block,IUCR,Primary Type,Description,Location Description,Arrest,Domestic,Beat,District,Ward,Community Area,FBI Code,X Coordinate,Y Coordinate,Year,Updated On,Latitude,Longitude,Location
11646166,JC213529,09-01-2018 00:01,082XX S INGLESIDE AVE,810,THEFT,OVER $500,RESIDENCE,FALSE,TRUE,631,6,8,44,6,,,2018,04-06-2019 16:04,,,
11645836,JC212333,05-01-2016 00:25,055XX S ROCKWELL ST,1153,DECEPTIVE PRACTICE,FINANCIAL IDENTITY THEFT OVER $ 300,,FALSE,FALSE,824,8,15,63,11,,,2016,04-06-2019 16:04,,,
11449702,JB373031,07/31/2018 01:30:00 PM,009XX E HYDE PARK BLVD,2024,NARCOTICS,POSS: HEROIN(WHITE),STREET,TRUE,FALSE,233,2,5,41,18,,,2018,04-09-2019 16:24,,,
11643334,JC209972,12/19/2018 04:30:00 PM,056XX W WELLINGTON AVE,1320,CRIMINAL DAMAGE,TO VEHICLE,STREET,FALSE,FALSE,2514,25,31,19,14,,,2018,04-04-2019 16:16,,,
11645527,JC212744,02-02-2015 10:00,069XX W ARCHER AVE,1153,DECEPTIVE PRACTICE,FINANCIAL IDENTITY THEFT OVER $ 300,OTHER,FALSE,FALSE,811,8,23,56,11,,,2015,04-06-2019 16:04,,,
11034701,JA366925,01-01-2001 11:00,016XX E 86TH PL,1153,DECEPTIVE PRACTICE,FINANCIAL IDENTITY THEFT OVER $ 300,RESIDENCE,FALSE,FALSE,412,4,8,45,11,,,2001,08-05-2017 15:50,,,
10224881,HY411873,09-03-2015 18:00,044XX S UNIVERSITY AVE,1310,CRIMINAL DAMAGE,TO PROPERTY,RESIDENCE,FALSE,FALSE,222,2,4,39,14,1184667,1875669,2015,02-10-2018 15:50,41.81399924,-87.59813792,"(41.81399924, -87.598137918)"
11230640,JB152083,12-04-2017 00:00,035XX S MICHIGAN AVE,4650,OTHER OFFENSE,SEX OFFENDER: FAIL TO REGISTER,GOVERNMENT BUILDING/PROPERTY,TRUE,FALSE,213,2,3,35,26,,,2017,04-12-2018 15:55,,,
11645648,JC212959,01-01-2018 08:00,024XX N MONITOR AVE,1153,DECEPTIVE PRACTICE,FINANCIAL IDENTITY THEFT OVER $ 300,RESIDENCE,FALSE,FALSE,2515,25,30,19,11,,,2018,04-06-2019 16:04,,,
11645959,JC211511,12/20/2018 04:00:00 PM,045XX N ALBANY AVE,2820,OTHER OFFENSE,TELEPHONE THREAT,RESIDENCE,FALSE,FALSE,1724,17,33,14,08A,,,2018,04-06-2019 16:04,,,
11645557,JC212685,04-01-2018 00:01,080XX S VERNON AVE,1153,DECEPTIVE PRACTICE,FINANCIAL IDENTITY THEFT OVER $ 300,RESIDENCE,FALSE,FALSE,631,6,6,44,11,,,2018,04-06-2019 16:04,,,
10225155,HY412177,09-05-2015 22:42,007XX W IRVING PARK RD,470,PUBLIC PEACE VIOLATION,RECKLESS CONDUCT,STREET,TRUE,FALSE,1915,19,46,3,24,1170563,1926785,2015,02-10-2018 15:50,41.95458447,-87.64837578,"(41.954584472, -87.648375776)"
11223717,JB141803,02-04-2018 15:25,044XX W WASHINGTON BLVD,1153,DECEPTIVE PRACTICE,FINANCIAL IDENTITY THEFT OVER $ 300,,FALSE,FALSE,1113,11,28,26,11,,,2018,02-11-2018 15:57,,,
11160773,JA515078,11/17/2017 09:45:00 AM,033XX W FILLMORE ST,1812,NARCOTICS,POSS: CANNABIS MORE THAN 30GMS,POLICE FACILITY/VEH PARKING LOT,TRUE,FALSE,1134,11,24,29,18,,,2017,02/17/2018 03:52:55 PM,,,
11645601,JC212935,06-01-2014 00:01,087XX S SANGAMON ST,1153,DECEPTIVE PRACTICE,FINANCIAL IDENTITY THEFT OVER $ 300,RESIDENCE,FALSE,FALSE,2222,22,21,71,11,,,2014,04-06-2019 16:04,,,
10225206,HY412253,09-06-2015 01:10,047XX S STATE ST,041A,BATTERY,AGGRAVATED: HANDGUN,VACANT LOT/LAND,FALSE,FALSE,224,2,3,38,04B,1177070,1873609,2015,02-10-2018 15:50,41.80852139,-87.62606631,"(41.80852139, -87.62606631)"
11646293,JC213749,12/20/2018 03:00:00 PM,023XX N LOCKWOOD AVE,1154,DECEPTIVE PRACTICE,FINANCIAL IDENTITY THEFT $300 AND UNDER,APARTMENT,FALSE,FALSE,2515,25,36,19,11,,,2018,04-06-2019 16:04,,,
10225234,HY412306,09-06-2015 02:00,002XX N ST LOUIS AVE,420,BATTERY,AGGRAVATED:KNIFE/CUTTING INSTR,SIDEWALK,FALSE,FALSE,1123,11,28,27,04B,1153006,1901570,2015,02-10-2018 15:50,41.88575928,-87.71358804,"(41.885759278, -87.713588042)"
11645833,JC213044,05-05-2012 12:25,057XX W OHIO ST,1153,DECEPTIVE PRACTICE,FINANCIAL IDENTITY THEFT OVER $ 300,,FALSE,FALSE,1511,15,29,25,11,,,2012,04-06-2019 16:04,,,
11227287,JB147188,10-08-2017 03:00,092XX S RACINE AVE,281,CRIM SEXUAL ASSAULT,NON-AGGRAVATED,RESIDENCE,FALSE,FALSE,2222,22,21,73,2,,,2017,02-11-2018 15:57,,,
11227583,JB147595,03/28/2017 02:00:00 PM,026XX W 79TH ST,620,BURGLARY,UNLAWFUL ENTRY,OTHER,FALSE,FALSE,835,8,18,70,5,,,2017,02-11-2018 15:57,,,
11227293,JB147230,09-09-2017 20:17,060XX S EBERHART AVE,810,THEFT,OVER $500,RESIDENCE,FALSE,FALSE,313,3,20,42,6,,,2017,02-11-2018 15:57,,,
11227634,JB147599,08/26/2017 10:00:00 AM,001XX W RANDOLPH ST,281,CRIM SEXUAL ASSAULT,NON-AGGRAVATED,HOTEL/MOTEL,FALSE,FALSE,122,1,42,32,2,,,2017,02-11-2018 15:57,,,
10225308,HY412341,09-06-2015 02:35,013XX W ADDISON ST,2230,LIQUOR LAW VIOLATION,ILLEGAL CONSUMPTION BY MINOR,SIDEWALK,TRUE,FALSE,1923,19,44,6,22,1166847,1924028,2015,09/17/2015 11:37:18 AM,41.94709983,-87.66211567,"(41.947099832, -87.662115668)"
11645568,JC212803,12/18/2018 11:00:00 AM,032XX N WILTON AVE,1153,DECEPTIVE PRACTICE,FINANCIAL IDENTITY THEFT OVER $ 300,RESIDENCE,FALSE,FALSE,1924,19,44,6,11,,,2018,04-06-2019 16:04,,,
11227517,JB138481,02-10-2013 00:00,071XX S LAFAYETTE AVE,266,CRIMINAL SEXUAL ASSAULT,PREDATORY,RESIDENCE,FALSE,TRUE,731,7,6,69,2,,,2013,08/30/2020 03:45:17 PM,,,
11227503,JB146383,01-01-2015 00:01,061XX S KILBOURN AVE,1751,OFFENSE INVOLVING CHILDREN,CRIM SEX ABUSE BY FAM MEMBER,RESIDENCE,FALSE,TRUE,813,8,13,65,17,,,2015,04-12-2019 16:00,,,
10225349,HY412480,09-06-2015 00:01,071XX S CENTRAL PARK AVE,1320,CRIMINAL DAMAGE,TO VEHICLE,RESIDENCE-GARAGE,FALSE,FALSE,833,8,13,65,14,1153542,1857042,2015,02-10-2018 15:50,41.76355798,-87.71280073,"(41.763557981, -87.712800734)"
11037294,JA371270,03/18/2015 12:00:00 PM,0000X W WACKER DR,1153,DECEPTIVE PRACTICE,FINANCIAL IDENTITY THEFT OVER $ 300,BANK,FALSE,FALSE,111,1,42,32,11,,,2015,08-01-2017 15:52,,,
11227508,JB146365,01-01-2017 00:01,027XX S WHIPPLE ST,1754,OFFENSE INVOLVING CHILDREN,AGG SEX ASSLT OF CHILD FAM MBR,RESIDENCE,FALSE,FALSE,1033,10,12,30,2,,,2017,02-11-2018 15:57,,,
11022695,JA353568,07/17/2017 10:10:00 AM,021XX W MC LEAN AVE,810,THEFT,OVER $500,RESIDENCE,FALSE,FALSE,1432,14,32,22,6,,,2017,07/24/2017 03:54:23 PM,,,
10225475,HY412510,09-05-2015 20:00,059XX S KOLIN AVE,620,BURGLARY,UNLAWFUL ENTRY,RESIDENCE-GARAGE,FALSE,FALSE,813,8,13,65,5,1148387,1864813,2015,02-10-2018 15:50,41.78498338,-87.73149582,"(41.784983382, -87.731495823)"
11227633,JB147500,12/28/2017 03:55:00 PM,011XX S MICHIGAN AVE,1153,DECEPTIVE PRACTICE,FINANCIAL IDENTITY THEFT OVER $ 300,,FALSE,FALSE,123,1,2,32,11,,,2017,02-11-2018 15:57,,,
11227586,JB147613,02-10-2017 12:00,089XX S COTTAGE GROVE AVE,1310,CRIMINAL DAMAGE,TO PROPERTY,APARTMENT,FALSE,FALSE,633,6,8,44,14,,,2017,02-11-2018 15:57,,,
11227475,JB147314,11/22/2017 02:42:00 AM,056XX N CHRISTIANA AVE,2826,OTHER OFFENSE,HARASSMENT BY ELECTRONIC MEANS,APARTMENT,FALSE,TRUE,1711,17,39,13,26,,,2017,02-11-2018 15:57,,,
2053775,HH271612,03/28/2002 08:40:00 PM,004XX E 59 ST,460,BATTERY,SIMPLE,STREET,FALSE,TRUE,234,2,,,08B,,,2002,08/17/2015 03:03:40 PM,,,
11227247,JB147078,01-01-2012 09:00,105XX S INDIANAPOLIS AVE,1153,DECEPTIVE PRACTICE,FINANCIAL IDENTITY THEFT OVER $ 300,RESIDENCE,FALSE,FALSE,432,4,10,52,11,,,2012,02-11-2018 15:57,,,
11036284,JA370282,07/29/2017 03:40:00 PM,014XX W Devon Ave,820,THEFT,$500 AND UNDER,SIDEWALK,FALSE,FALSE,2432,24,40,1,6,,,2017,08-05-2017 15:50,,,
11227509,JB146413,01/22/2017 12:01:00 AM,079XX S JEFFERY BLVD,1752,OFFENSE INVOLVING CHILDREN,AGG CRIM SEX ABUSE FAM MEMBER,APARTMENT,FALSE,FALSE,414,4,8,46,20,,,2017,02-11-2018 15:57,,,
11227407,JB147329,10/14/2017 12:01:00 AM,037XX N SOUTHPORT AVE,1150,DECEPTIVE PRACTICE,CREDIT CARD FRAUD,OTHER,FALSE,FALSE,1922,19,44,6,11,,,2017,02/22/2018 03:56:47 PM,,,
11028056,JA359834,10/15/2014 03:00:00 PM,047XX S PULASKI RD,1153,DECEPTIVE PRACTICE,FINANCIAL IDENTITY THEFT OVER $ 300,PARKING LOT/GARAGE(NON.RESID.),FALSE,FALSE,821,8,14,57,11,,,2014,07/24/2017 03:54:23 PM,,,
10225582,HY412847,09-04-2015 20:50,059XX N GLENWOOD AVE,820,THEFT,$500 AND UNDER,PARK PROPERTY,FALSE,FALSE,2013,20,48,77,6,1165910,1939379,2015,02-10-2018 15:50,41.98924362,-87.66511973,"(41.989243623, -87.665119726)"
11028299,JA360073,05/30/2015 12:00:00 AM,074XX S HARVARD AVE,1753,OFFENSE INVOLVING CHILDREN,SEX ASSLT OF CHILD BY FAM MBR,RESIDENCE,FALSE,TRUE,731,7,17,69,2,,,2015,05/15/2018 03:52:47 PM,,,
11028290,JA360134,05/30/2015 12:00:00 AM,074XX S HARVARD AVE,1753,OFFENSE INVOLVING CHILDREN,SEX ASSLT OF CHILD BY FAM MBR,RESIDENCE,FALSE,TRUE,731,7,17,69,2,,,2015,05/22/2018 04:05:33 PM,,,
11028448,JA360336,01-01-2015 00:00,051XX W HURON ST,281,CRIM SEXUAL ASSAULT,NON-AGGRAVATED,APARTMENT,TRUE,TRUE,1532,15,37,25,2,,,2015,09-02-2019 15:57,,,
11041422,JA375398,07/29/2017 10:00:00 AM,022XX W WINNEMAC AVE,810,THEFT,OVER $500,RESIDENCE-GARAGE,FALSE,FALSE,2031,20,47,4,6,,,2017,08-05-2017 15:50,,,
11042125,JA376558,12/16/2011 12:00:00 AM,003XX W 64TH ST,1153,DECEPTIVE PRACTICE,FINANCIAL IDENTITY THEFT OVER $ 300,HOSPITAL BUILDING/GROUNDS,FALSE,FALSE,722,7,20,68,11,,,2011,08-05-2017 15:50,,,
11042141,JA376559,05/16/2013 12:00:00 AM,003XX W 64TH ST,1154,DECEPTIVE PRACTICE,FINANCIAL IDENTITY THEFT $300 AND UNDER,HOSPITAL BUILDING/GROUNDS,FALSE,FALSE,722,7,20,68,11,,,2013,08-05-2017 15:50,,,
11227505,JB146342,06-01-2017 00:01,115XX S ABERDEEN ST,1751,OFFENSE INVOLVING CHILDREN,CRIM SEX ABUSE BY FAM MEMBER,RESIDENCE,FALSE,TRUE,524,5,34,53,17,,,2017,09-04-2019 16:07,,,
11039126,JA371798,01-01-2007 00:01,009XX N DRAKE AVE,266,CRIM SEXUAL ASSAULT,PREDATORY,RESIDENCE,FALSE,FALSE,1121,11,27,23,2,,,2007,10/21/2017 03:44:12 PM,,,
11042582,JA377037,01-01-2011 00:01,054XX S CALIFORNIA AVE,1754,OFFENSE INVOLVING CHILDREN,AGG SEX ASSLT OF CHILD FAM MBR,APARTMENT,TRUE,TRUE,923,9,14,63,2,,,2011,08/13/2017 03:50:54 PM,,,
11042759,JA376850,07-08-2013 16:10,056XX N KENMORE AVE,1153,DECEPTIVE PRACTICE,FINANCIAL IDENTITY THEFT OVER $ 300,,FALSE,FALSE,2022,20,48,77,11,,,2013,08-05-2017 15:50,,,
11042763,JA376821,07/27/2017 01:00:00 AM,019XX W AINSLIE ST,890,THEFT,FROM BUILDING,APARTMENT,FALSE,FALSE,2032,20,47,4,6,,,2017,08-05-2017 15:50,,,
11227495,JB147292,03/20/2014 09:00:00 AM,003XX E ERIE ST,1154,DECEPTIVE PRACTICE,FINANCIAL IDENTITY THEFT $300 AND UNDER,RESIDENCE,FALSE,FALSE,1834,18,42,8,11,,,2014,02-11-2018 15:57,,,
11042867,JA374764,01-01-2015 00:01,086XX S MANISTEE AVE,266,CRIM SEXUAL ASSAULT,PREDATORY,RESIDENCE,FALSE,FALSE,423,4,7,46,2,,,2015,08-05-2017 15:50,,,
11042911,JA376915,01-01-2013 12:00,034XX N WESTERN AVE,1154,DECEPTIVE PRACTICE,FINANCIAL IDENTITY THEFT $300 AND UNDER,BANK,FALSE,FALSE,1921,19,47,5,11,,,2013,08-05-2017 15:50,,,
11042905,JA374476,01-01-2003 00:01,056XX S ARTESIAN AVE,1563,SEX OFFENSE,CRIMINAL SEXUAL ABUSE,RESIDENCE,FALSE,FALSE,824,8,15,63,17,,,2003,10/27/2018 04:00:07 PM,,,
11042930,JA374409,01-01-2010 00:01,080XX S MARSHFIELD AVE,266,CRIM SEXUAL ASSAULT,PREDATORY,RESIDENCE,FALSE,FALSE,611,6,21,71,2,,,2010,08-05-2017 15:50,,,
11042931,JA374193,01-01-2015 00:01,069XX S STEWART AVE,1562,SEX OFFENSE,AGG CRIMINAL SEXUAL ABUSE,RESIDENCE,FALSE,FALSE,731,7,6,68,17,,,2015,08-05-2017 15:50,,,
11042934,JA374701,01/27/2015 12:01:00 AM,044XX S CALUMET AVE,266,CRIM SEXUAL ASSAULT,PREDATORY,RESIDENCE,FALSE,FALSE,215,2,3,38,2,,,2015,08-05-2017 15:50,,,
11042861,JA374153,01-01-2007 00:01,026XX W 21ST ST,266,CRIM SEXUAL ASSAULT,PREDATORY,RESIDENCE,FALSE,FALSE,1023,10,28,30,2,,,2007,10/21/2017 03:44:12 PM,,,
11042901,JA374744,04-01-2015 00:01,051XX S MARSHFIELD AVE,291,CRIM SEXUAL ASSAULT,ATTEMPT NON-AGGRAVATED,APARTMENT,FALSE,FALSE,932,9,16,61,2,,,2015,08-12-2017 15:48,,,
11042927,JA374449,01-01-2015 00:01,022XX N AVERS AVE,1750,OFFENSE INVOLVING CHILDREN,CHILD ABUSE,RESIDENCE,FALSE,TRUE,2525,25,30,22,20,,,2015,08/25/2017 03:48:04 PM,,,
11042914,JA374555,01-01-2008 00:01,011XX S WHIPPLE ST,281,CRIM SEXUAL ASSAULT,NON-AGGRAVATED,RESIDENCE,FALSE,TRUE,1134,11,28,29,2,,,2008,08/19/2017 03:48:07 PM,,,
11042939,JA376124,01-01-2015 00:01,049XX S LECLAIRE AVE,281,CRIM SEXUAL ASSAULT,NON-AGGRAVATED,RESIDENCE,FALSE,FALSE,814,8,23,56,2,,,2015,08-05-2017 15:50,,,
11043021,JA367631,10/19/2016 07:00:00 PM,075XX S YATES BLVD,610,BURGLARY,FORCIBLE ENTRY,RESTAURANT,FALSE,FALSE,421,4,7,43,5,,,2016,08-05-2017 15:50,,,
11227569,JB147582,10-01-2017 00:00,004XX E 71ST ST,1582,OFFENSE INVOLVING CHILDREN,CHILD PORNOGRAPHY,APARTMENT,FALSE,FALSE,323,3,6,69,17,,,2017,02-11-2018 15:57,,,
11042938,JA377035,01-01-2007 00:01,019XX N HARLEM AVE,266,CRIM SEXUAL ASSAULT,PREDATORY,DAY CARE CENTER,FALSE,FALSE,2513,25,36,25,2,,,2007,08/19/2017 03:48:07 PM,,,
11227513,JB137941,09-01-2017 09:00,030XX W HARRISON ST,1562,SEX OFFENSE,AGG CRIMINAL SEXUAL ABUSE,"SCHOOL, PUBLIC, BUILDING",FALSE,FALSE,1134,11,28,27,17,,,2017,02-11-2018 15:57,,,
11652235,JC220532,12-01-2017 10:45,0000X E 89TH ST,1153,DECEPTIVE PRACTICE,FINANCIAL IDENTITY THEFT OVER $ 300,,FALSE,FALSE,634,6,9,44,11,,,2017,04-12-2019 16:08,,,
10225905,HY413277,09-06-2015 21:48,088XX S BURLEY AVE,1350,CRIMINAL TRESPASS,TO STATE SUP LAND,CHA PARKING LOT/GROUNDS,TRUE,FALSE,424,4,7,46,26,1199205,1846953,2015,02-10-2018 15:50,41.73484723,-87.54577705,"(41.734847232, -87.545777045)"
1744168,G553545,09/15/2001 02:00:00 AM,013XX W POLK ST,460,BATTERY,SIMPLE,STREET,FALSE,FALSE,1213,12,,,08B,,,2001,08/17/2015 03:03:40 PM,,,
11641644,JC207234,03/31/2019 09:30:00 AM,005XX N ogden ave,890,THEFT,FROM BUILDING,RESTAURANT,FALSE,FALSE,1215,12,1,24,6,,,2019,04-07-2019 16:05,,,
10226034,HY413458,09-07-2015 00:11,011XX S MASON AVE,141A,WEAPONS VIOLATION,UNLAWFUL USE HANDGUN,ALLEY,FALSE,FALSE,1513,15,29,25,15,1136892,1894432,2015,02-10-2018 15:50,41.86647573,-87.77293391,"(41.866475734, -87.772933914)"
10581023,HZ329792,09-01-2014 08:00,0000X E LAKE ST,1140,DECEPTIVE PRACTICE,EMBEZZLEMENT,OTHER,TRUE,FALSE,111,1,42,32,12,,,2014,03-01-2018 15:52,,,
10898827,HW262738,05-06-2013 14:45,090XX S HOUSTON AVE,1811,NARCOTICS,POSS: CANNABIS 30GMS OR LESS,STREET,TRUE,FALSE,424,4,10,46,18,,,2013,08-05-2017 15:48,,,
1833988,G666677,11-02-2001 18:30,002XX W CONGRESS PW,810,THEFT,OVER $500,OTHER,FALSE,FALSE,131,1,,,6,,,2001,08/17/2015 03:03:40 PM,,,
10226072,HY413492,09-07-2015 02:10,013XX N MILWAUKEE AVE,460,BATTERY,SIMPLE,SIDEWALK,FALSE,FALSE,1424,14,1,24,08B,1164309,1909321,2015,09/17/2015 11:37:18 AM,41.9067971,-87.67186166,"(41.906797102, -87.671861659)"
10226075,HY413504,09-07-2015 02:31,008XX W JACKSON BLVD,460,BATTERY,SIMPLE,SIDEWALK,TRUE,FALSE,1232,12,27,28,08B,1170954,1898857,2015,02-10-2018 15:50,41.87794002,-87.64775912,"(41.87794002, -87.647759117)"
11610673,JC169605,03-07-2018 21:00,048XX N Drake Ave,1153,DECEPTIVE PRACTICE,FINANCIAL IDENTITY THEFT OVER $ 300,,FALSE,FALSE,1712,17,33,14,11,,,2018,03-02-2019 16:09,,,
11243066,JB168427,03/29/2016 07:00:00 AM,067XX S RIDGELAND AVE,1153,DECEPTIVE PRACTICE,FINANCIAL IDENTITY THEFT OVER $ 300,OTHER,FALSE,FALSE,332,3,5,43,11,,,2016,03-01-2018 15:54,,,
11243056,JB168410,12/13/2017 12:01:00 AM,005XX W OHARE ST,810,THEFT,OVER $500,AIRPORT BUILDING NON-TERMINAL - SECURE AREA,FALSE,FALSE,1654,16,41,76,6,,,2017,03-01-2018 15:54,,,
11243415,JB168962,12/18/2017 09:00:00 AM,025XX W BIRCHWOOD AVE,1150,DECEPTIVE PRACTICE,CREDIT CARD FRAUD,APARTMENT,FALSE,FALSE,2411,24,50,2,11,,,2017,03-01-2018 15:54,,,
11605776,JC164503,02/24/2019 02:00:00 AM,009XX W FULLERTON AVE,810,THEFT,OVER $500,CTA TRAIN,FALSE,FALSE,1812,18,43,7,6,,,2019,03-03-2019 16:04,,,
11243873,JB168420,02/28/2017 12:00:00 AM,110XX S VERNON AVE,265,CRIMINAL SEXUAL ASSAULT,AGGRAVATED - OTHER,RESIDENCE,TRUE,TRUE,513,5,9,49,2,,,2017,07/23/2020 05:53:34 PM,,,
11247382,JB174162,01-01-2016 00:00,028XX W 22ND PL,1153,DECEPTIVE PRACTICE,FINANCIAL IDENTITY THEFT OVER $ 300,OTHER,FALSE,FALSE,1033,10,12,30,11,,,2016,03-06-2018 16:00,,,
11646766,JC214025,01-01-2018 09:10,019XX N KENMORE AVE,1153,DECEPTIVE PRACTICE,FINANCIAL IDENTITY THEFT OVER $ 300,,FALSE,FALSE,1811,18,43,7,11,,,2018,04-07-2019 16:05,,,
11243020,HZ184094,03-11-2016 23:00,052XX N ST LOUIS AVE,281,CRIM SEXUAL ASSAULT,NON-AGGRAVATED,RESIDENCE PORCH/HALLWAY,FALSE,FALSE,1712,17,39,13,2,,,2016,03-01-2018 15:54,,,
11616014,JC173495,11-01-2018 00:01,072XX S ASHLAND AVE,820,THEFT,$500 AND UNDER,STREET,FALSE,FALSE,735,7,17,67,6,,,2018,03-08-2019 16:36,,,
11243258,JB167849,01-01-2017 00:01,045XX N HAMLIN AVE,1752,OFFENSE INVOLVING CHILDREN,AGG CRIM SEX ABUSE FAM MEMBER,APARTMENT,FALSE,TRUE,1723,17,39,14,20,,,2017,05/15/2018 03:52:47 PM,,,
11243109,JB168444,12/14/2017 12:15:00 PM,020XX S CLARK ST,2825,OTHER OFFENSE,HARASSMENT BY TELEPHONE,APARTMENT,FALSE,FALSE,131,1,3,33,26,,,2017,03-01-2018 15:54,,,
10226319,HY413800,09-07-2015 10:34,016XX W HOWARD ST,4625,OTHER OFFENSE,PAROLE VIOLATION,PARK PROPERTY,TRUE,FALSE,2422,24,49,1,26,1164177,1950345,2015,02-10-2018 15:50,42.0193715,-87.67118199,"(42.019371503, -87.671181992)"
11243511,JB168893,02/20/2018 04:21:00 PM,005XX W ARLINGTON PL,820,THEFT,$500 AND UNDER,RESIDENCE PORCH/HALLWAY,FALSE,FALSE,1935,19,43,7,6,,,2018,03-01-2018 15:54,,,
10226368,HY413764,09-06-2015 01:00,030XX N MILWAUKEE AVE,031A,ROBBERY,ARMED: HANDGUN,SIDEWALK,FALSE,FALSE,2523,25,35,21,3,1151479,1919855,2015,02-10-2018 15:50,41.93596514,-87.71871438,"(41.935965143, -87.718714382)"
10226395,HY413819,09-07-2015 11:15,006XX S INDEPENDENCE BLVD,486,BATTERY,DOMESTIC BATTERY SIMPLE,GAS STATION,FALSE,TRUE,1133,11,24,27,08B,1151362,1897015,2015,02-10-2018 15:50,41.87329229,-87.71974478,"(41.873292286, -87.719744775)"
11243026,JB168257,11/15/2017 02:00:00 PM,012XX W ARTHINGTON ST,1150,DECEPTIVE PRACTICE,CREDIT CARD FRAUD,RESIDENCE,FALSE,FALSE,1231,12,2,28,11,,,2017,03-01-2018 15:54,,,
11243839,JB165874,11-05-2017 08:00,084XX S PARNELL AVE,820,THEFT,$500 AND UNDER,RESIDENTIAL YARD (FRONT/BACK),FALSE,FALSE,622,6,21,71,6,,,2017,03-01-2018 15:54,,,
11242963,JB168261,11-01-2014 09:00,009XX N TRUMBULL AVE,1153,DECEPTIVE PRACTICE,FINANCIAL IDENTITY THEFT OVER $ 300,RESIDENCE,FALSE,FALSE,1121,11,27,23,11,,,2014,03-01-2018 15:54,,,
11243412,JB168772,08/24/2017 03:18:00 PM,057XX S CICERO AVE,810,THEFT,OVER $500,RESTAURANT,TRUE,FALSE,813,8,23,56,6,,,2017,03/15/2018 03:53:30 PM,,,
11243580,JB169163,08/17/2017 10:00:00 AM,061XX N NORTHWEST HWY,890,THEFT,FROM BUILDING,BAR OR TAVERN,FALSE,FALSE,1611,16,41,10,6,,,2017,03-01-2018 15:54,,,
11243268,JB167760,01-01-2017 00:01,047XX N CLARK ST,1562,SEX OFFENSE,AGG CRIMINAL SEXUAL ABUSE,APARTMENT,FALSE,FALSE,1913,19,47,3,17,,,2017,09/13/2018 03:56:52 PM,,,
1896258,G749215,12/15/2001 02:00:00 AM,011XX N STATE ST,460,BATTERY,SIMPLE,STREET,FALSE,FALSE,1824,18,,,08B,,,2001,08/17/2015 03:03:40 PM,,,
11037549,JA371812,07/30/2017 04:00:00 AM,004XX N DEARBORN ST,870,THEFT,POCKET-PICKING,ALLEY,FALSE,FALSE,1831,18,42,8,6,,,2017,08-06-2017 15:53,,,
11642710,JC209088,03/31/2019 01:00:00 AM,015XX N WELLS ST,890,THEFT,FROM BUILDING,BAR OR TAVERN,FALSE,FALSE,1821,18,27,8,6,,,2019,04-07-2019 16:05,,,
11615748,JC176534,03-05-2017 09:00,025XX W JEROME ST,1156,DECEPTIVE PRACTICE,ATTEMPT - FINANCIAL IDENTITY THEFT,RESIDENCE,FALSE,FALSE,2411,24,50,2,11,,,2017,03-08-2019 16:36,,,
11223707,JB141873,02-05-2018 00:00,061XX N KENMORE AVE,2820,OTHER OFFENSE,TELEPHONE THREAT,RESIDENCE,FALSE,FALSE,2433,24,48,77,26,,,2018,02-12-2018 15:49,,,
11227940,JB148122,01-01-2016 11:00,108XX S CALUMET AVE,1154,DECEPTIVE PRACTICE,FINANCIAL IDENTITY THEFT $300 AND UNDER,RESIDENCE,FALSE,FALSE,513,5,9,49,11,,,2016,02-12-2018 15:49,,,
11646565,JC212945,11-01-2018 12:00,089XX S SOUTH CHICAGO AVE,930,MOTOR VEHICLE THEFT,THEFT/RECOVERY: AUTOMOBILE,GAS STATION,FALSE,FALSE,423,4,7,46,7,,,2018,04-07-2019 16:05,,,
11615919,JC176746,08-03-2009 10:00,008XX W GRACE ST,1153,DECEPTIVE PRACTICE,FINANCIAL IDENTITY THEFT OVER $ 300,APARTMENT,FALSE,FALSE,1923,19,46,6,11,,,2009,03-08-2019 16:36,,,
11646447,JC213946,10/24/2008 02:30:00 PM,036XX N NARRAGANSETT AVE,1153,DECEPTIVE PRACTICE,FINANCIAL IDENTITY THEFT OVER $ 300,APARTMENT,FALSE,FALSE,1633,16,36,17,11,,,2008,04-07-2019 16:05,,,
11228287,JB148482,01-03-2018 15:45,0000X W C1 ST,810,THEFT,OVER $500,AIRPORT TERMINAL LOWER LEVEL - NON-SECURE AREA,FALSE,FALSE,1651,16,41,76,6,,,2018,02-12-2018 15:49,,,
2094743,HH325023,04/23/2002 01:00:00 AM,002XX W OHIO ST,810,THEFT,OVER $500,STREET,FALSE,FALSE,1831,18,,,6,,,2002,08/17/2015 03:03:40 PM,,,
12016052,JD193500,03/18/2020 11:15:00 PM,009XX W MONTANA ST,1320,CRIMINAL DAMAGE,TO VEHICLE,RESIDENCE,FALSE,FALSE,1932,19,43,7,14,,,2020,03/25/2020 03:47:29 PM,,,
11646550,JC214099,10-04-2018 12:00,092XX S PERRY AVE,1120,DECEPTIVE PRACTICE,FORGERY,OTHER,FALSE,FALSE,634,6,21,49,10,,,2018,04-07-2019 16:05,,,
11227960,JB148137,10/20/2017 09:00:00 AM,008XX N PAULINA ST,2826,OTHER OFFENSE,HARASSMENT BY ELECTRONIC MEANS,RESIDENCE,FALSE,TRUE,1213,12,1,24,26,,,2017,02-12-2018 15:49,,,
11228593,JB149038,03-01-2016 00:00,092XX S WESTERN AVE,2820,OTHER OFFENSE,TELEPHONE THREAT,AUTO / BOAT / RV DEALERSHIP,FALSE,FALSE,2221,22,19,72,26,,,2016,02-12-2018 15:49,,,
11228565,JB148941,12/16/2017 02:30:00 PM,102XX S EBERHART AVE,610,BURGLARY,FORCIBLE ENTRY,VACANT LOT/LAND,FALSE,FALSE,511,5,9,49,5,,,2017,02-12-2018 15:49,,,
11228964,JB149656,12/24/2017 02:00:00 AM,005XX S STATE ST,330,ROBBERY,AGGRAVATED,CONVENIENCE STORE,FALSE,FALSE,123,1,2,32,3,,,2017,02/13/2018 03:58:53 PM,,,
11642709,JC208560,03/31/2019 11:00:00 AM,0000X E MONROE ST,890,THEFT,FROM BUILDING,HOTEL/MOTEL,FALSE,FALSE,112,1,42,32,6,,,2019,04-07-2019 16:05,,,
10226740,HY414086,09-07-2015 14:30,034XX W FLOURNOY ST,486,BATTERY,DOMESTIC BATTERY SIMPLE,APARTMENT,FALSE,TRUE,1133,11,24,27,08B,1153640,1896821,2015,02-10-2018 15:50,41.87271494,-87.71138623,"(41.872714939, -87.711386229)"
11228887,JB149545,12/29/2017 05:00:00 PM,087XX S ASHLAND AVE,810,THEFT,OVER $500,RESTAURANT,FALSE,FALSE,2221,22,21,71,6,,,2017,02/13/2018 03:58:53 PM,,,
11043823,JA378025,08-11-2013 17:00,004XX N CLARK ST,820,THEFT,$500 AND UNDER,RESTAURANT,FALSE,FALSE,1831,18,42,8,6,,,2013,08-06-2017 15:53,,,
11043900,JA378845,09/30/2015 07:45:00 PM,030XX N KNOX AVE,810,THEFT,OVER $500,WAREHOUSE,FALSE,FALSE,2521,25,31,19,6,,,2015,08-06-2017 15:53,,,
11228293,JB148253,07-01-2017 20:40,060XX S TALMAN AVE,1153,DECEPTIVE PRACTICE,FINANCIAL IDENTITY THEFT OVER $ 300,,FALSE,FALSE,825,8,15,66,11,,,2017,02-12-2018 15:49,,,
11029364,JA361501,05-10-2014 08:00,077XX S KINGSTON AVE,1153,DECEPTIVE PRACTICE,FINANCIAL IDENTITY THEFT OVER $ 300,OTHER,FALSE,FALSE,421,4,7,43,11,,,2014,07/25/2017 03:48:23 PM,,,
11243391,JB168811,12/30/2017 12:01:00 AM,0000X E LAKE ST,1153,DECEPTIVE PRACTICE,FINANCIAL IDENTITY THEFT OVER $ 300,OTHER,FALSE,FALSE,111,1,42,32,11,,,2017,03-01-2018 15:54,,,
11229088,JB149417,05/16/2017 12:20:00 PM,011XX W PRATT BLVD,1153,DECEPTIVE PRACTICE,FINANCIAL IDENTITY THEFT OVER $ 300,,FALSE,FALSE,2431,24,49,1,11,,,2017,02/13/2018 03:58:53 PM,,,
11029405,JA361556,10-01-2014 07:00,018XX N ST LOUIS AVE,1154,DECEPTIVE PRACTICE,FINANCIAL IDENTITY THEFT $300 AND UNDER,APARTMENT,FALSE,FALSE,1422,14,26,22,11,,,2014,07/25/2017 03:48:23 PM,,,
11029462,JA361647,07-01-2013 12:00,060XX N ALBANY AVE,1153,DECEPTIVE PRACTICE,FINANCIAL IDENTITY THEFT OVER $ 300,RESIDENCE,FALSE,FALSE,2413,24,50,2,11,,,2013,07/25/2017 03:48:23 PM,,,
11029611,JA361783,07/14/2014 09:00:00 AM,093XX S EWING AVE,1140,DECEPTIVE PRACTICE,EMBEZZLEMENT,OTHER,TRUE,FALSE,432,4,10,52,12,,,2014,04/14/2018 03:49:16 PM,,,
11029532,JA361567,12-01-2013 21:00,021XX N MULLIGAN AVE,265,CRIM SEXUAL ASSAULT,AGGRAVATED: OTHER,RESIDENCE,FALSE,TRUE,2512,25,29,19,2,,,2013,07/25/2017 03:48:23 PM,,,
11228256,JB148524,09-07-2017 18:00,035XX N WILTON AVE,1153,DECEPTIVE PRACTICE,FINANCIAL IDENTITY THEFT OVER $ 300,RESIDENCE,FALSE,FALSE,1924,19,44,6,11,,,2017,02-12-2018 15:49,,,
11029711,JA361905,09-01-2014 10:00,061XX S EBERHART AVE,1153,DECEPTIVE PRACTICE,FINANCIAL IDENTITY THEFT OVER $ 300,RESIDENCE,FALSE,FALSE,313,3,20,42,11,,,2014,07/25/2017 03:48:23 PM,,,
11618919,JC180575,10/30/2018 08:00:00 AM,053XX S CORNELL AVE,1153,DECEPTIVE PRACTICE,FINANCIAL IDENTITY THEFT OVER $ 300,,FALSE,FALSE,234,2,5,41,11,,,2018,03-11-2019 16:05,,,
11029673,JA361846,01/24/2009 06:00:00 PM,024XX W 46TH ST,1752,OFFENSE INVOLVING CHILDREN,AGG CRIM SEX ABUSE FAM MEMBER,RESIDENCE,TRUE,FALSE,922,9,12,58,20,,,2009,02-08-2018 15:48,,,
11228573,JB148940,11-01-2017 15:00,004XX E 33RD ST,2825,OTHER OFFENSE,HARASSMENT BY TELEPHONE,RESIDENCE,FALSE,TRUE,211,2,4,35,26,,,2017,02-12-2018 15:49,,,
9771966,HX347197,07/16/2014 10:50:00 AM,063XX S COTTAGE GROVE AVE,1821,NARCOTICS,MANU/DEL:CANNABIS 10GM OR LESS,VEHICLE NON-COMMERCIAL,TRUE,FALSE,312,3,20,42,18,,,2014,07/25/2017 03:48:23 PM,,,
11646393,JC213889,12-01-2018 08:00,026XX W 25TH ST,1153,DECEPTIVE PRACTICE,FINANCIAL IDENTITY THEFT OVER $ 300,RESIDENCE,FALSE,FALSE,1034,10,24,30,11,,,2018,04-07-2019 16:05,,,
11249273,JB176797,09/15/2017 12:00:00 PM,112XX S CHAMPLAIN AVE,1153,DECEPTIVE PRACTICE,FINANCIAL IDENTITY THEFT OVER $ 300,APARTMENT,FALSE,FALSE,531,5,9,50,11,,,2017,03-08-2018 15:55,,,
9715284,HX282369,05/30/2014 11:06:56 AM,029XX W WILCOX ST,2027,NARCOTICS,POSS: CRACK,APARTMENT,TRUE,FALSE,1124,11,2,27,18,,,2014,07/25/2017 03:46:39 PM,,,
11641640,JC207466,03/31/2019 12:30:00 PM,037XX W Ogden Ave,820,THEFT,$500 AND UNDER,ATHLETIC CLUB,FALSE,FALSE,1014,10,24,29,6,,,2019,04-07-2019 16:05,,,
11228094,JB148335,11/20/2017 03:00:00 PM,055XX N CHRISTIANA AVE,1156,DECEPTIVE PRACTICE,ATTEMPT - FINANCIAL IDENTITY THEFT,POOL ROOM,FALSE,FALSE,1712,17,40,13,11,,,2017,02-12-2018 15:49,,,
11228056,JB148123,11/21/2017 12:00:00 PM,028XX N SACRAMENTO AVE,1152,DECEPTIVE PRACTICE,ILLEGAL USE CASH CARD,APARTMENT,FALSE,FALSE,1411,14,35,21,11,,,2017,02-12-2018 15:49,,,
11228588,JB149037,06-04-2012 12:00,037XX W 85TH PL,1154,DECEPTIVE PRACTICE,FINANCIAL IDENTITY THEFT $300 AND UNDER,RESIDENCE,FALSE,FALSE,834,8,18,70,11,,,2012,02-12-2018 15:49,,,
11250184,JB177829,01-01-2008 00:01,066XX S MAY ST,265,CRIM SEXUAL ASSAULT,AGGRAVATED: OTHER,RESIDENCE,FALSE,FALSE,724,7,17,68,2,,,2008,03-08-2018 15:55,,,
11252344,JB180795,10-09-2017 10:00,0000X E 75TH ST,1130,DECEPTIVE PRACTICE,FRAUD OR CONFIDENCE GAME,STREET,FALSE,FALSE,323,3,6,69,11,,,2017,03-12-2018 15:47,,,
11225457,JB144550,02-05-2018 18:00,013XX N LA SALLE DR,890,THEFT,FROM BUILDING,RESIDENCE-GARAGE,FALSE,FALSE,1821,18,43,8,6,,,2018,02-12-2018 15:49,,,
11243635,JB169214,08/31/2017 12:00:00 AM,039XX W VAN BUREN ST,1150,DECEPTIVE PRACTICE,CREDIT CARD FRAUD,APARTMENT,FALSE,TRUE,1132,11,24,26,11,,,2017,03-01-2018 15:54,,,
11242929,JB168310,01-01-2015 00:00,049XX S COTTAGE GROVE AVE,1153,DECEPTIVE PRACTICE,FINANCIAL IDENTITY THEFT OVER $ 300,APARTMENT,FALSE,FALSE,223,2,4,39,11,,,2015,03-01-2018 15:54,,,
11243481,JB168909,11-04-2017 22:00,064XX S DR MARTIN LUTHER KING JR DR,5002,OTHER OFFENSE,OTHER VEHICLE OFFENSE,STREET,FALSE,FALSE,312,3,20,69,26,,,2017,03-01-2018 15:54,,,
11251681,JB180001,12-08-2017 10:00,004XX E 71ST ST,890,THEFT,FROM BUILDING,COMMERCIAL / BUSINESS OFFICE,FALSE,FALSE,323,3,6,69,6,,,2017,03/19/2018 04:09:36 PM,,,
11243284,JB168734,12/28/2017 09:00:00 AM,064XX N BELL AVE,1153,DECEPTIVE PRACTICE,FINANCIAL IDENTITY THEFT OVER $ 300,RESIDENCE,FALSE,FALSE,2412,24,50,2,11,,,2017,03-01-2018 15:54,,,
11242965,JB168370,12/28/2017 02:00:00 PM,027XX N HAMPDEN CT,1153,DECEPTIVE PRACTICE,FINANCIAL IDENTITY THEFT OVER $ 300,RESIDENCE,FALSE,FALSE,1935,19,43,7,11,,,2017,03-01-2018 15:54,,,
10227294,HY413836,09-06-2015 13:45,029XX N ASHLAND AVE,820,THEFT,$500 AND UNDER,PARKING LOT/GARAGE(NON.RESID.),FALSE,FALSE,1931,19,32,6,6,1165151,1919501,2015,02-10-2018 15:50,41.93471379,-87.66847873,"(41.934713787, -87.668478733)"
11264617,JB196863,08-03-2014 12:00,012XX S AVERS AVE,1153,DECEPTIVE PRACTICE,FINANCIAL IDENTITY THEFT OVER $ 300,RESIDENCE,FALSE,FALSE,1011,10,24,29,11,,,2014,03/24/2018 03:57:17 PM,,,
11243493,JB169102,08-04-2017 15:00,003XX E RANDOLPH ST,810,THEFT,OVER $500,PARK PROPERTY,FALSE,FALSE,114,1,42,32,6,,,2017,03-01-2018 15:54,,,
11243514,JB168799,11-12-2014 00:00,107XX S PEORIA ST,1153,DECEPTIVE PRACTICE,FINANCIAL IDENTITY THEFT OVER $ 300,,FALSE,FALSE,2233,22,34,75,11,,,2014,03-01-2018 15:54,,,
11037536,JA371293,07/31/2017 08:05:00 AM,004XX N MC CLURG CT,1310,CRIMINAL DAMAGE,TO PROPERTY,BOAT/WATERCRAFT,FALSE,FALSE,1834,18,42,8,14,,,2017,08-07-2017 15:52,,,
10655573,HZ405438,10-01-2014 09:00,036XX N LAMON AVE,1153,DECEPTIVE PRACTICE,FINANCIAL IDENTITY THEFT OVER $ 300,APARTMENT,FALSE,FALSE,1634,16,38,15,11,,,2014,08/25/2016 03:50:02 PM,,,
10227629,HY415079,09-04-2015 20:00,056XX N SACRAMENTO AVE,810,THEFT,OVER $500,STREET,FALSE,FALSE,2011,20,40,2,6,1155346,1937286,2015,02-10-2018 15:50,41.98371993,-87.70403231,"(41.983719931, -87.70403231)"
11243040,JB167177,12-12-2017 12:00,033XX W 47TH ST,890,THEFT,FROM BUILDING,WAREHOUSE,FALSE,FALSE,821,8,14,58,6,,,2017,03-01-2018 15:54,,,
11024203,JA354900,07/19/2017 07:15:00 AM,0000X E WASHINGTON ST,890,THEFT,FROM BUILDING,RESTAURANT,FALSE,FALSE,112,1,42,32,6,,,2017,07/26/2017 03:56:50 PM,,,
11242979,JB168283,01-01-2017 09:00,010XX W WASHINGTON BLVD,1154,DECEPTIVE PRACTICE,FINANCIAL IDENTITY THEFT $300 AND UNDER,OTHER,FALSE,FALSE,1224,12,27,28,11,,,2017,03-01-2018 15:54,,,
11243419,JB168945,06-01-2017 12:00,071XX W ARMITAGE AVE,460,BATTERY,SIMPLE,RESIDENCE,FALSE,TRUE,2513,25,36,25,08B,,,2017,03/21/2018 03:58:51 PM,,,
11243119,JB168573,11-02-2017 13:00,063XX N MOZART ST,2825,OTHER OFFENSE,HARASSMENT BY TELEPHONE,APARTMENT,FALSE,FALSE,2413,24,50,2,26,,,2017,03-01-2018 15:54,,,
11243494,JB168634,11/15/2017 07:16:00 PM,097XX S AVENUE J,1154,DECEPTIVE PRACTICE,FINANCIAL IDENTITY THEFT $300 AND UNDER,RESIDENCE,FALSE,FALSE,432,4,10,52,11,,,2017,03-01-2018 15:54,,,
2370646,HH676216,09/26/2002 01:30:00 PM,034XX W 79TH ST,460,BATTERY,SIMPLE,STREET,FALSE,FALSE,835,8,18,70,08B,,,2002,08/17/2015 03:03:40 PM,,,
10228043,HY415619,09-07-2015 17:00,055XX S KIMBARK AVE,820,THEFT,$500 AND UNDER,STREET,FALSE,FALSE,235,2,5,41,6,1185606,1868621,2015,02-10-2018 15:50,41.79463691,-87.59491574,"(41.794636912, -87.594915739)"
2378227,HH686534,10-01-2002 19:00,022XX W NORTH AVE,910,MOTOR VEHICLE THEFT,AUTOMOBILE,STREET,FALSE,FALSE,1424,14,1,24,7,,,2002,08/17/2015 03:03:40 PM,,,
11644829,JC211523,04-01-2019 15:00,005XX W ARLINGTON PL,890,THEFT,FROM BUILDING,APARTMENT,FALSE,FALSE,1935,19,43,7,6,,,2019,04-08-2019 16:19,,,
10228118,HY415740,01-01-2013 00:00,080XX S MORGAN ST,1562,SEX OFFENSE,AGG CRIMINAL SEXUAL ABUSE,RESIDENCE,FALSE,TRUE,621,6,21,71,17,1171044,1851470,2013,02-10-2018 15:50,41.74790331,-87.6488146,"(41.747903314, -87.648814601)"
11647549,JC214237,06-07-2018 15:00,102XX S EGGLESTON AVE,820,THEFT,$500 AND UNDER,OTHER,FALSE,FALSE,2232,22,9,73,6,,,2018,04-09-2019 16:17,,,
11030881,JA362444,07-08-2017 18:00,003XX E OHIO ST,890,THEFT,FROM BUILDING,RESTAURANT,FALSE,FALSE,1834,18,42,8,6,,,2017,07/26/2017 03:56:50 PM,,,
11031104,JA362043,07/24/2008 12:01:00 AM,031XX W FILLMORE ST,1563,SEX OFFENSE,CRIMINAL SEXUAL ABUSE,APARTMENT,FALSE,TRUE,1134,11,24,29,17,,,2008,07/26/2017 03:56:50 PM,,,
11031226,JA362537,08-04-2009 12:00,073XX S YATES BLVD,1153,DECEPTIVE PRACTICE,FINANCIAL IDENTITY THEFT OVER $ 300,RESIDENCE,FALSE,FALSE,334,3,7,43,11,,,2009,07/26/2017 03:56:50 PM,,,
11227476,JB147378,12/18/2017 12:00:00 PM,053XX N LINDER AVE,1152,DECEPTIVE PRACTICE,ILLEGAL USE CASH CARD,APARTMENT,FALSE,FALSE,1623,16,45,11,11,,,2017,02/13/2018 03:56:09 PM,,,
2439013,HH761070,11-05-2002 16:40,063XX S ROCKWELL ST,031A,ROBBERY,ARMED: HANDGUN,STREET,TRUE,FALSE,825,8,15,66,3,,,2002,08/17/2015 03:03:40 PM,,,
11030960,JA363404,01-01-2009 00:00,007XX W 81ST ST,266,CRIM SEXUAL ASSAULT,PREDATORY,RESIDENCE,TRUE,FALSE,621,6,21,71,2,,,2009,10/28/2017 03:50:55 PM,,,
11044965,JA379380,06/28/2013 12:00:00 PM,020XX N MILWAUKEE AVE,1153,DECEPTIVE PRACTICE,FINANCIAL IDENTITY THEFT OVER $ 300,,FALSE,FALSE,1431,14,1,22,11,,,2013,08-07-2017 15:52,,,
10751224,HZ513641,01-01-2012 08:00,010XX S MAYFIELD AVE,1752,OFFENSE INVOLVING CHILDREN,AGG CRIM SEX ABUSE FAM MEMBER,RESIDENCE,FALSE,FALSE,1513,15,29,25,20,,,2012,07/27/2017 03:50:07 PM,,,
11228873,JB149562,07-01-2017 00:00,019XX W ROSCOE ST,1153,DECEPTIVE PRACTICE,FINANCIAL IDENTITY THEFT OVER $ 300,RESIDENCE,FALSE,FALSE,1922,19,32,5,11,,,2017,02/13/2018 03:58:53 PM,,,
11647702,JC214957,02/23/2019 11:00:00 PM,0000X E 75TH ST,820,THEFT,$500 AND UNDER,BAR OR TAVERN,FALSE,FALSE,623,6,6,69,6,,,2019,04-08-2019 16:19,,,
11228656,JB149151,01-01-2017 06:00,081XX S ELLIS AVE,1153,DECEPTIVE PRACTICE,FINANCIAL IDENTITY THEFT OVER $ 300,RESIDENCE,FALSE,FALSE,631,6,8,44,11,,,2017,02/13/2018 03:58:53 PM,,,
11228801,JB149421,12-01-2016 00:01,060XX S PRAIRIE AVE,1153,DECEPTIVE PRACTICE,FINANCIAL IDENTITY THEFT OVER $ 300,RESIDENCE,FALSE,FALSE,311,3,20,40,11,,,2016,02/13/2018 03:58:53 PM,,,
11228690,JB149220,06/30/2017 12:00:00 AM,001XX N CENTRAL AVE,4650,OTHER OFFENSE,SEX OFFENDER: FAIL TO REGISTER,RESIDENCE,TRUE,FALSE,1523,15,29,25,26,,,2017,03-06-2018 15:56,,,
11229320,JB150109,09/29/2017 06:30:00 PM,058XX N CUMBERLAND AVE,820,THEFT,$500 AND UNDER,CTA STATION,FALSE,FALSE,1614,16,41,76,6,,,2017,02/13/2018 03:58:53 PM,,,
11228723,JB149162,11-01-2017 06:00,016XX W AINSLIE ST,1153,DECEPTIVE PRACTICE,FINANCIAL IDENTITY THEFT OVER $ 300,APARTMENT,FALSE,FALSE,2032,20,47,3,11,,,2017,02/13/2018 03:58:53 PM,,,
6329138,HP422605,06/28/2008 11:00:00 PM,048XX N BROADWAY,810,THEFT,OVER $500,STREET,FALSE,FALSE,2033,20,48,3,6,,,2008,08/17/2015 03:03:40 PM,,,
11228897,JB149633,09-01-2017 08:00,022XX N LOCKWOOD AVE,1154,DECEPTIVE PRACTICE,FINANCIAL IDENTITY THEFT $300 AND UNDER,RESIDENCE,FALSE,FALSE,2515,25,37,19,11,,,2017,02/13/2018 03:58:53 PM,,,
11642696,JC209087,04-01-2019 00:00,021XX W Crystal St,810,THEFT,OVER $500,RESIDENCE PORCH/HALLWAY,FALSE,FALSE,1424,14,2,24,6,,,2019,04-08-2019 16:19,,,
11647398,JC215016,06-01-2018 15:00,038XX W FLOURNOY ST,1710,OFFENSE INVOLVING CHILDREN,ENDANGERING LIFE/HEALTH CHILD,RESIDENCE,FALSE,FALSE,1133,11,24,26,20,,,2018,04-08-2019 16:19,,,
10228500,HY415338,09-07-2015 22:00,010XX W 48TH ST,460,BATTERY,SIMPLE,STREET,FALSE,FALSE,933,9,3,61,08B,1170141,1872982,2015,02-10-2018 15:50,41.8069545,-87.65149848,"(41.8069545, -87.651498476)"
11228780,JB149380,11/23/2017 12:30:00 PM,007XX N AVERS AVE,610,BURGLARY,FORCIBLE ENTRY,RESIDENCE,FALSE,FALSE,1112,11,27,23,5,,,2017,02/13/2018 03:58:53 PM,,,
10228534,HY416053,09-08-2015 21:55,003XX S DAMEN AVE,1320,CRIMINAL DAMAGE,TO VEHICLE,CHA PARKING LOT/GROUNDS,FALSE,FALSE,1225,12,2,28,14,1163119,1898512,2015,02-10-2018 15:50,41.87716145,-87.67653695,"(41.877161446, -87.676536946)"
11228908,JB149546,08-09-2017 22:55,063XX N SHERIDAN RD,1320,CRIMINAL DAMAGE,TO VEHICLE,RESIDENCE-GARAGE,FALSE,FALSE,2433,24,49,77,14,,,2017,02/13/2018 03:58:53 PM,,,
10228680,HY416213,09-08-2015 20:30,038XX N KENMORE AVE,1320,CRIMINAL DAMAGE,TO VEHICLE,ALLEY,FALSE,FALSE,1923,19,44,6,14,1168587,1925718,2015,02-10-2018 15:50,41.95169969,-87.65567083,"(41.951699691, -87.655670827)"
11229073,JB149473,09/13/2017 01:40:00 PM,031XX W AUGUSTA BLVD,1153,DECEPTIVE PRACTICE,FINANCIAL IDENTITY THEFT OVER $ 300,,FALSE,FALSE,1211,12,26,23,11,,,2017,02/13/2018 03:58:53 PM,,,
11229204,JB149993,04-01-2016 00:00,005XX N KINGSBURY ST,1153,DECEPTIVE PRACTICE,FINANCIAL IDENTITY THEFT OVER $ 300,RESIDENCE,FALSE,FALSE,1831,18,42,8,11,,,2016,02/17/2018 03:52:55 PM,,,
11228685,JB149208,01-01-2017 12:00,108XX S FOREST AVE,1153,DECEPTIVE PRACTICE,FINANCIAL IDENTITY THEFT OVER $ 300,RESIDENCE,FALSE,FALSE,513,5,9,49,11,,,2017,02/13/2018 03:58:53 PM,,,
10229056,HY416256,09-08-2015 11:00,051XX S HYDE PARK BLVD,910,MOTOR VEHICLE THEFT,AUTOMOBILE,STREET,FALSE,FALSE,234,2,4,41,7,1188361,1871116,2015,09/17/2015 11:37:18 AM,41.80141799,-87.58473369,"(41.801417986, -87.584733686)"
11228710,JB149234,03/27/2017 12:01:00 AM,031XX W AUGUSTA BLVD,1153,DECEPTIVE PRACTICE,FINANCIAL IDENTITY THEFT OVER $ 300,APARTMENT,FALSE,FALSE,1211,12,26,23,11,,,2017,02/13/2018 03:58:53 PM,,,
11228889,JB149527,11-01-2017 00:01,076XX S CLYDE AVE,2820,OTHER OFFENSE,TELEPHONE THREAT,RESIDENCE,FALSE,FALSE,414,4,8,43,26,,,2017,02/13/2018 03:58:53 PM,,,
11228628,JB149091,11/22/2017 12:01:00 AM,080XX S MANISTEE AVE,4651,OTHER OFFENSE,SEX OFFENDER: FAIL REG NEW ADD,RESIDENCE,FALSE,FALSE,422,4,7,46,26,,,2017,02/13/2018 03:58:53 PM,,,
11025521,JA356285,07/20/2017 04:15:00 AM,011XX W WOLFRAM ST,810,THEFT,OVER $500,RESIDENTIAL YARD (FRONT/BACK),FALSE,FALSE,1933,19,44,6,6,,,2017,07/27/2017 03:50:07 PM,,,
11648173,JC216048,11-01-2018 00:00,062XX S MARSHFIELD AVE,1153,DECEPTIVE PRACTICE,FINANCIAL IDENTITY THEFT OVER $ 300,APARTMENT,FALSE,FALSE,714,7,16,67,11,,,2018,04-08-2019 16:19,,,
10229129,HY416413,09-08-2015 23:30,029XX N LONG AVE,610,BURGLARY,FORCIBLE ENTRY,RESIDENCE-GARAGE,FALSE,TRUE,2514,25,31,19,5,1139857,1919204,2015,02-10-2018 15:50,41.93439943,-87.7614427,"(41.934399427, -87.7614427)"
11229067,JB149469,08-12-2017 14:45,043XX S MICHIGAN AVE,1153,DECEPTIVE PRACTICE,FINANCIAL IDENTITY THEFT OVER $ 300,,FALSE,FALSE,215,2,3,38,11,,,2017,02/13/2018 03:58:53 PM,,,
11642705,JC208563,04-01-2019 20:25,026XX N DAYTON ST,2825,OTHER OFFENSE,HARASSMENT BY TELEPHONE,RESIDENCE,FALSE,FALSE,1935,19,43,7,26,,,2019,04-08-2019 16:19,,,
11647523,JC215281,11-11-2018 00:01,016XX W WALLEN AVE,1140,DECEPTIVE PRACTICE,EMBEZZLEMENT,APARTMENT,FALSE,FALSE,2432,24,49,1,12,,,2018,04-08-2019 16:19,,,
10229538,HY416683,09-09-2015 00:00,031XX S GREEN ST,1320,CRIMINAL DAMAGE,TO VEHICLE,PARKING LOT/GARAGE(NON.RESID.),FALSE,FALSE,913,9,11,60,14,1171253,1884147,2015,02-10-2018 15:50,41.83756806,-87.64709296,"(41.837568056, -87.647092956)"
11229244,JB150022,12/16/2017 09:30:00 AM,028XX W SUMMERDALE AVE,560,ASSAULT,SIMPLE,RESIDENTIAL YARD (FRONT/BACK),FALSE,FALSE,2011,20,40,4,08A,,,2017,02/13/2018 03:58:53 PM,,,
11229066,JB149425,06-01-2014 00:00,079XX S DREXEL AVE,1153,DECEPTIVE PRACTICE,FINANCIAL IDENTITY THEFT OVER $ 300,,FALSE,FALSE,624,6,8,44,11,,,2014,02/13/2018 03:58:53 PM,,,
11224569,JB143064,02-06-2018 08:01,035XX S ARCHER AVE,560,ASSAULT,SIMPLE,VEHICLE NON-COMMERCIAL,FALSE,FALSE,912,9,11,59,08A,,,2018,02/13/2018 03:58:53 PM,,,
11228877,JB149540,10/23/2017 04:00:00 PM,066XX N MAPLEWOOD AVE,1153,DECEPTIVE PRACTICE,FINANCIAL IDENTITY THEFT OVER $ 300,APARTMENT,FALSE,FALSE,2412,24,50,2,11,,,2017,02/13/2018 03:58:53 PM,,,
11228666,JB149148,01-01-2013 00:01,060XX W BYRON ST,266,CRIM SEXUAL ASSAULT,PREDATORY,VEHICLE NON-COMMERCIAL,FALSE,FALSE,1633,16,38,17,2,,,2013,02/13/2018 03:58:53 PM,,,
11228645,JB149128,09/14/2015 12:01:00 AM,021XX N MOODY AVE,1710,OFFENSE INVOLVING CHILDREN,ENDANGERING LIFE/HEALTH CHILD,RESIDENCE,FALSE,FALSE,2512,25,29,19,20,,,2015,02/13/2018 03:58:53 PM,,,
11228604,JB149032,12/14/2017 06:30:00 PM,063XX S STONY ISLAND AVE,810,THEFT,OVER $500,ATHLETIC CLUB,FALSE,FALSE,314,3,20,42,6,,,2017,02/13/2018 03:58:53 PM,,,
11860426,JC472216,10/13/2019 10:00:00 AM,042XX W WAVELAND AVE,820,THEFT,$500 AND UNDER,STREET,FALSE,FALSE,1731,17,45,16,6,1147456,1924255,2019,10/20/2019 04:03:03 PM,41.94811731,-87.7333862,"(41.948117311, -87.733386199)"
11038887,JA372625,08-01-2017 06:30,017XX W ESTES AVE,820,THEFT,$500 AND UNDER,RESIDENCE PORCH/HALLWAY,FALSE,FALSE,2423,24,49,1,6,,,2017,08-08-2017 15:53,,,
11038898,JA372967,08-01-2017 14:25,025XX S DR MARTIN LUTHER KING JR DR,890,THEFT,FROM BUILDING,MEDICAL/DENTAL OFFICE,FALSE,FALSE,133,1,2,33,6,,,2017,08-08-2017 15:53,,,
11228900,JB149617,09-12-2017 09:00,065XX W ADDISON ST,1153,DECEPTIVE PRACTICE,FINANCIAL IDENTITY THEFT OVER $ 300,RESIDENCE,FALSE,FALSE,1632,16,36,17,11,,,2017,02/13/2018 03:58:53 PM,,,
11031460,JA363955,07/20/2014 11:00:00 PM,014XX W FILLMORE ST,810,THEFT,OVER $500,RESIDENCE-GARAGE,FALSE,FALSE,1231,12,2,28,6,,,2014,07/27/2017 03:50:07 PM,,,
11032112,JA364633,10-01-2012 00:00,002XX W WASHINGTON ST,1153,DECEPTIVE PRACTICE,FINANCIAL IDENTITY THEFT OVER $ 300,,FALSE,FALSE,122,1,42,32,11,,,2012,07/27/2017 03:50:07 PM,,,
11648822,JC216887,12/13/2011 12:00:00 AM,115XX S MARSHFIELD AVE,1153,DECEPTIVE PRACTICE,FINANCIAL IDENTITY THEFT OVER $ 300,ATHLETIC CLUB,FALSE,FALSE,2234,22,34,75,11,,,2011,04-09-2019 16:24,,,
10229852,HY417053,09-09-2015 17:51,015XX S KEDZIE AVE,143A,WEAPONS VIOLATION,UNLAWFUL POSS OF HANDGUN,ALLEY,TRUE,FALSE,1022,10,24,29,15,1155282,1892130,2015,02-10-2018 15:50,41.85980953,-87.70548363,"(41.859809525, -87.705483628)"
9617239,HX123401,01/22/2014 06:00:00 AM,033XX W FILLMORE ST,2093,NARCOTICS,FOUND SUSPECT NARCOTICS,POLICE FACILITY/VEH PARKING LOT,TRUE,FALSE,1134,11,24,29,18,,,2014,07/29/2017 03:52:50 PM,,,
11029129,JA361175,04-08-2015 00:00,020XX W DIVISION ST,860,THEFT,RETAIL THEFT,RESTAURANT,FALSE,FALSE,1212,12,1,24,6,,,2015,07/27/2017 03:47:52 PM,,,
10229982,HY417329,09-09-2015 19:00,035XX N HAMLIN AVE,560,ASSAULT,SIMPLE,SIDEWALK,FALSE,FALSE,1732,17,30,21,08A,1150427,1923425,2015,02-10-2018 15:50,41.94578214,-87.72248711,"(41.945782141, -87.722487106)"
10230001,HY417434,08-05-2015 10:00,078XX S ADA ST,560,ASSAULT,SIMPLE,RESIDENCE,FALSE,FALSE,612,6,17,71,08A,1168799,1852878,2015,02-10-2018 15:50,41.75181577,-87.65700044,"(41.751815774, -87.657000438)"
10917482,HX386010,08/13/2014 02:00:00 PM,010XX N SPRINGFIELD AVE,820,THEFT,$500 AND UNDER,VEHICLE NON-COMMERCIAL,FALSE,FALSE,1112,11,27,23,6,,,2014,07/28/2017 03:47:55 PM,,,
10230113,HY417363,09-09-2015 21:00,073XX S MAY ST,2820,OTHER OFFENSE,TELEPHONE THREAT,RESIDENCE,FALSE,FALSE,733,7,17,68,26,1169925,1856057,2015,02-10-2018 15:50,41.760515,-87.65278201,"(41.760515004, -87.652782012)"
4227855,HL534770,08-07-2005 07:15,019XX N CENTRAL AV OVERPASS,810,THEFT,OVER $500,STREET,FALSE,FALSE,2515,25,29,25,6,,,2005,08/17/2015 03:03:40 PM,,,
10230156,HY417587,09-04-2015 16:00,110XX S HALSTED ST,810,THEFT,OVER $500,COMMERCIAL / BUSINESS OFFICE,FALSE,FALSE,2233,22,34,49,6,1172952,1831592,2015,02-10-2018 15:50,41.69331339,-87.64240768,"(41.69331339, -87.642407676)"
10230171,HY417655,09-03-2015 00:01,094XX S HARVARD AVE,1310,CRIMINAL DAMAGE,TO PROPERTY,CHA APARTMENT,FALSE,FALSE,634,6,21,49,14,1175663,1842190,2015,02-10-2018 15:50,41.72233571,-87.63216622,"(41.722335711, -87.632166215)"
11040127,JA374003,08-01-2017 09:00,003XX W ADAMS ST,810,THEFT,OVER $500,COMMERCIAL / BUSINESS OFFICE,FALSE,FALSE,122,1,2,32,6,,,2017,08-08-2017 15:53,,,
11243401,JB168974,04-01-2017 00:01,019XX W CERMAK RD,1152,DECEPTIVE PRACTICE,ILLEGAL USE CASH CARD,SMALL RETAIL STORE,FALSE,FALSE,1034,10,25,31,11,,,2017,03-02-2018 15:52,,,
11244115,JB169766,12-05-2017 12:00,023XX S MILLARD AVE,1152,DECEPTIVE PRACTICE,ILLEGAL USE CASH CARD,RESIDENCE,FALSE,FALSE,1013,10,22,30,11,,,2017,03-02-2018 15:54,,,
11243981,JB168512,01/28/2014 12:00:00 PM,008XX W 53RD PL,1153,DECEPTIVE PRACTICE,FINANCIAL IDENTITY THEFT OVER $ 300,OTHER,FALSE,FALSE,934,9,20,61,11,,,2014,03-02-2018 15:54,,,
11045871,JA380971,01-02-2009 16:00,028XX S DR MARTIN LUTHER KING JR DR,1154,DECEPTIVE PRACTICE,FINANCIAL IDENTITY THEFT $300 AND UNDER,APARTMENT,FALSE,FALSE,133,1,4,35,11,,,2009,08-08-2017 15:53,,,
11045983,JA380937,01-01-2015 12:00,013XX W 108TH PL,1153,DECEPTIVE PRACTICE,FINANCIAL IDENTITY THEFT OVER $ 300,RESIDENCE,FALSE,FALSE,2234,22,34,75,11,,,2015,08-08-2017 15:53,,,
11046208,JA381395,02/23/2015 12:01:00 AM,017XX W 106TH PL,1153,DECEPTIVE PRACTICE,FINANCIAL IDENTITY THEFT OVER $ 300,RESIDENCE,FALSE,TRUE,2212,22,19,72,11,,,2015,08-08-2017 15:53,,,
11046486,JA381629,07-07-2017 14:00,050XX S HERMITAGE AVE,1153,DECEPTIVE PRACTICE,FINANCIAL IDENTITY THEFT OVER $ 300,,FALSE,FALSE,931,9,16,61,11,,,2017,08-08-2017 15:53,,,
11046500,JA381584,07/30/2017 12:00:00 AM,012XX E 46TH ST,1320,CRIMINAL DAMAGE,TO VEHICLE,STREET,FALSE,FALSE,222,2,4,39,14,,,2017,08-08-2017 15:53,,,
11175609,JA537529,11/20/2017 06:20:00 PM,057XX S CICERO AVE,2091,NARCOTICS,FORFEIT PROPERTY,AIRPORT/AIRCRAFT,TRUE,FALSE,813,8,23,56,18,,,2017,03-03-2018 15:51,,,
11046665,JA381950,01-01-2009 00:00,032XX W 65TH ST,1562,SEX OFFENSE,AGG CRIMINAL SEXUAL ABUSE,RESIDENCE,FALSE,FALSE,831,8,17,66,17,,,2009,11-10-2018 16:02,,,
11047107,JA382265,04-03-2015 12:00,047XX S PRAIRIE AVE,1153,DECEPTIVE PRACTICE,FINANCIAL IDENTITY THEFT OVER $ 300,APARTMENT,FALSE,FALSE,224,2,3,38,11,,,2015,08-08-2017 15:53,,,
11244818,JB170715,12/29/2017 12:00:00 PM,036XX N LAKE SHORE DR,1120,DECEPTIVE PRACTICE,FORGERY,RESIDENCE,FALSE,FALSE,1925,19,46,6,10,,,2017,03-02-2018 15:54,,,
11645849,JC209353,11/27/2018 08:43:00 PM,0000X E CERMAK RD,2250,LIQUOR LAW VIOLATION,LIQUOR LICENSE VIOLATION,TAVERN/LIQUOR STORE,TRUE,FALSE,131,1,3,33,22,,,2018,04-09-2019 16:17,,,
9745335,HX369977,08-01-2014 19:42,001XX E 60TH ST,1821,NARCOTICS,MANU/DEL:CANNABIS 10GM OR LESS,SIDEWALK,TRUE,FALSE,311,3,20,40,18,,,2014,08-08-2017 15:52,,,
11445072,JB415614,08/30/2018 07:45:00 PM,031XX W HARRISON ST,2027,NARCOTICS,POSS: CRACK,POLICE FACILITY/VEH PARKING LOT,TRUE,FALSE,1134,11,24,27,18,,,2018,04/13/2019 03:55:48 PM,,,
10895018,HX258746,05-12-2014 12:55,041XX W ADAMS ST,1330,CRIMINAL TRESPASS,TO LAND,APARTMENT,FALSE,FALSE,1115,11,28,26,26,,,2014,08-09-2017 15:51,,,
10899182,HW182708,03-06-2013 14:15,002XX N PULASKI RD,1200,DECEPTIVE PRACTICE,STOLEN PROP: BUY/RECEIVE/POS.,SMALL RETAIL STORE,FALSE,FALSE,1122,11,28,26,13,,,2013,08-09-2017 15:51,,,
10230513,HY418041,09-10-2015 14:20,026XX N PULASKI RD,860,THEFT,RETAIL THEFT,DRUG STORE,FALSE,FALSE,2524,25,31,22,6,1149271,1917270,2015,02-10-2018 15:50,41.92891483,-87.72689623,"(41.92891483, -87.726896229)"
11244745,JB170604,08/17/2017 09:00:00 AM,064XX S DR MARTIN LUTHER KING JR DR,1153,DECEPTIVE PRACTICE,FINANCIAL IDENTITY THEFT OVER $ 300,ANIMAL HOSPITAL,FALSE,FALSE,312,3,20,69,11,,,2017,03-02-2018 15:54,,,
11450064,JB383147,08-07-2018 11:37,035XX W 16TH ST,2017,NARCOTICS,MANU/DELIVER:CRACK,VEHICLE NON-COMMERCIAL,TRUE,FALSE,1021,10,24,29,18,,,2018,04-09-2019 16:24,,,
11229791,JB150622,10/18/2017 09:00:00 AM,066XX S GREENWOOD AVE,1153,DECEPTIVE PRACTICE,FINANCIAL IDENTITY THEFT OVER $ 300,APARTMENT,FALSE,FALSE,321,3,5,42,11,,,2017,02/14/2018 03:52:17 PM,,,
11648713,JC216698,02/25/2017 06:00:00 PM,048XX N AVERS AVE,281,CRIM SEXUAL ASSAULT,NON-AGGRAVATED,RESIDENCE,FALSE,TRUE,1712,17,39,14,2,,,2017,04-09-2019 16:24,,,
11451058,JB397122,08/17/2018 10:15:00 AM,038XX W MONROE ST,2014,NARCOTICS,MANU/DELIVER: HEROIN (WHITE),VEHICLE NON-COMMERCIAL,TRUE,FALSE,1122,11,28,26,18,,,2018,04-09-2019 16:24,,,
10230580,HY418101,09-10-2015 14:55,049XX W BELMONT AVE,460,BATTERY,SIMPLE,STREET,FALSE,FALSE,2521,25,31,19,08B,1143018,1920825,2015,02-10-2018 15:50,41.93878916,-87.74978534,"(41.938789158, -87.749785342)"
11648406,JC215434,01-01-2017 00:01,031XX W 25TH ST,1752,OFFENSE INVOLVING CHILDREN,AGG CRIM SEX ABUSE FAM MEMBER,RESIDENCE,FALSE,TRUE,1033,10,12,30,17,,,2017,08-01-2019 16:12,,,
11648237,JC216157,01-01-2012 12:00,115XX S CAMPBELL AVE,1153,DECEPTIVE PRACTICE,FINANCIAL IDENTITY THEFT OVER $ 300,RESIDENCE,FALSE,FALSE,2212,22,19,75,11,,,2012,04-09-2019 16:24,,,
11229652,JB146448,01-01-2008 00:01,018XX N KEELER AVE,1754,OFFENSE INVOLVING CHILDREN,AGG SEX ASSLT OF CHILD FAM MBR,RESIDENCE,FALSE,FALSE,2534,25,30,20,2,,,2008,02/14/2018 03:52:17 PM,,,
11229887,JB150696,12-03-2017 19:00,009XX N CAMPBELL AVE,560,ASSAULT,SIMPLE,RESIDENCE,FALSE,FALSE,1212,12,1,24,08A,,,2017,02/14/2018 03:52:17 PM,,,
11448699,JB398659,08/18/2018 12:48:00 PM,003XX E 111TH ST,2014,NARCOTICS,MANU/DELIVER: HEROIN (WHITE),VEHICLE NON-COMMERCIAL,TRUE,FALSE,513,5,9,49,18,,,2018,04-09-2019 16:24,,,
11642699,JC209083,04-02-2019 11:44,016XX W LUNT AVE,820,THEFT,$500 AND UNDER,RESIDENCE PORCH/HALLWAY,FALSE,FALSE,2423,24,49,1,6,,,2019,04-09-2019 16:24,,,
11450076,JB389971,08-12-2018 09:21,001XX W 105TH ST,2017,NARCOTICS,MANU/DELIVER:CRACK,VEHICLE NON-COMMERCIAL,TRUE,FALSE,512,5,34,49,18,,,2018,04-09-2019 16:24,,,
11229724,JB150683,09/30/2017 06:00:00 PM,012XX W ALBION AVE,890,THEFT,FROM BUILDING,APARTMENT,FALSE,FALSE,2432,24,49,1,6,,,2017,02/14/2018 03:52:17 PM,,,
10230734,HY418489,09-10-2015 18:54,011XX S CALIFORNIA AVE,2092,NARCOTICS,SOLICIT NARCOTICS ON PUBLICWAY,SIDEWALK,TRUE,FALSE,1135,11,28,29,18,1157860,1895069,2015,02-10-2018 15:50,41.86782232,-87.69594039,"(41.867822323, -87.695940386)"
11648485,JC216504,11-01-2018 00:00,076XX S PAXTON AVE,1130,DECEPTIVE PRACTICE,FRAUD OR CONFIDENCE GAME,RESIDENCE,FALSE,FALSE,414,4,8,43,11,,,2018,04-09-2019 16:24,,,
11230118,JB151212,11/22/2017 09:08:00 PM,003XX W 79TH ST,1122,DECEPTIVE PRACTICE,COUNTERFEIT CHECK,CURRENCY EXCHANGE,TRUE,FALSE,623,6,17,44,10,,,2017,03-01-2018 15:52,,,
11229470,JB150351,12/26/2017 12:00:00 PM,061XX S KIMBARK AVE,1150,DECEPTIVE PRACTICE,CREDIT CARD FRAUD,APARTMENT,FALSE,FALSE,314,3,20,42,11,,,2017,02/14/2018 03:52:17 PM,,,
11451056,JB397165,08/17/2018 10:48:00 AM,040XX W WILCOX ST,2014,NARCOTICS,MANU/DELIVER: HEROIN (WHITE),SIDEWALK,TRUE,FALSE,1115,11,28,26,18,,,2018,04-09-2019 16:24,,,
11230062,JB150851,12-09-2017 23:59,024XX S ST LOUIS AVE,1563,SEX OFFENSE,CRIMINAL SEXUAL ABUSE,RESIDENCE,FALSE,FALSE,1024,10,22,30,17,,,2017,02/14/2018 03:52:17 PM,,,
11648819,JC216127,09/13/2016 09:55:00 AM,0000X N PARKSIDE AVE,1153,DECEPTIVE PRACTICE,FINANCIAL IDENTITY THEFT OVER $ 300,,FALSE,FALSE,1513,15,29,25,11,,,2016,04-09-2019 16:24,,,
10230829,HY418049,09-09-2015 06:00,054XX S WENTWORTH AVE,820,THEFT,$500 AND UNDER,PARK PROPERTY,FALSE,FALSE,225,2,3,37,6,1175887,1869033,2015,02-10-2018 15:50,41.79599104,-87.63054249,"(41.795991039, -87.630542489)"
11230302,JB151545,02/14/2017 12:01:00 AM,109XX S VERNON AVE,1154,DECEPTIVE PRACTICE,FINANCIAL IDENTITY THEFT $300 AND UNDER,RESIDENCE,FALSE,FALSE,513,5,9,49,11,,,2017,02/14/2018 03:52:17 PM,,,
11229896,JB150562,10-01-2017 12:00,005XX E 32ND ST,1153,DECEPTIVE PRACTICE,FINANCIAL IDENTITY THEFT OVER $ 300,RESIDENCE,FALSE,FALSE,211,2,4,35,11,,,2017,02/14/2018 03:52:17 PM,,,
11648597,JC216578,01-01-2012 00:00,071XX S LOWE AVE,1153,DECEPTIVE PRACTICE,FINANCIAL IDENTITY THEFT OVER $ 300,RESIDENCE,FALSE,FALSE,732,7,6,68,11,,,2012,04-09-2019 16:24,,,
11452223,JB388670,08-11-2018 09:09,010XX N DRAKE AVE,2014,NARCOTICS,MANU/DELIVER: HEROIN (WHITE),VACANT LOT/LAND,TRUE,FALSE,1121,11,27,23,18,,,2018,04-09-2019 16:24,,,
11449694,JB412372,08/28/2018 01:23:00 PM,094XX S LAFAYETTE AVE,2024,NARCOTICS,POSS: HEROIN(WHITE),ALLEY,TRUE,FALSE,634,6,21,49,18,,,2018,04/13/2019 03:55:48 PM,,,
11230012,JB151086,12-09-2017 18:30,078XX S EXCHANGE AVE,1206,DECEPTIVE PRACTICE,"THEFT BY LESSEE,MOTOR VEH",SMALL RETAIL STORE,FALSE,FALSE,421,4,7,43,11,,,2017,02/14/2018 03:52:17 PM,,,
11229972,JB150927,01/23/2018 10:26:00 PM,009XX W DIVERSEY PKWY,1152,DECEPTIVE PRACTICE,ILLEGAL USE CASH CARD,ATM (AUTOMATIC TELLER MACHINE),FALSE,FALSE,1935,19,43,7,11,,,2018,02/14/2018 03:52:17 PM,,,
11648221,JC216163,08/20/2018 12:00:00 PM,023XX W THOMAS ST,1153,DECEPTIVE PRACTICE,FINANCIAL IDENTITY THEFT OVER $ 300,APARTMENT,FALSE,FALSE,1212,12,1,24,11,,,2018,04-09-2019 16:24,,,
10230898,HY418621,09-10-2015 18:30,0000X E HUBBARD ST,460,BATTERY,SIMPLE,SIDEWALK,FALSE,FALSE,1834,18,42,8,08B,1176801,1903335,2015,02-10-2018 15:50,41.89009773,-87.62615509,"(41.890097727, -87.626155085)"
11451931,JB399933,08/19/2018 11:04:00 AM,111XX S EGGLESTON AVE,2017,NARCOTICS,MANU/DELIVER:CRACK,VEHICLE NON-COMMERCIAL,TRUE,FALSE,2233,22,34,49,18,,,2018,04-09-2019 16:24,,,
11648354,JC216274,01/31/2017 12:00:00 AM,070XX S FAIRFIELD AVE,1153,DECEPTIVE PRACTICE,FINANCIAL IDENTITY THEFT OVER $ 300,OTHER,FALSE,FALSE,831,8,17,66,11,,,2017,04-09-2019 16:24,,,
11229685,JB150530,01-01-2014 12:00,026XX W 15TH ST,1153,DECEPTIVE PRACTICE,FINANCIAL IDENTITY THEFT OVER $ 300,RESIDENCE,FALSE,FALSE,1023,10,28,29,11,,,2014,02/16/2018 03:51:14 PM,,,
11229815,JB150647,10-04-2017 00:01,012XX W VAN BUREN ST,1154,DECEPTIVE PRACTICE,FINANCIAL IDENTITY THEFT $300 AND UNDER,APARTMENT,FALSE,FALSE,1231,12,2,28,11,,,2017,02/14/2018 03:52:17 PM,,,
11649227,JC217417,12/26/2018 01:00:00 PM,073XX N RIDGE BLVD,810,THEFT,OVER $500,RESIDENCE,FALSE,FALSE,2424,24,49,1,6,,,2018,04-09-2019 16:24,,,
11451042,JB399926,08/19/2018 10:38:00 AM,046XX W ADAMS ST,2014,NARCOTICS,MANU/DELIVER: HEROIN (WHITE),VEHICLE NON-COMMERCIAL,TRUE,FALSE,1113,11,28,25,18,,,2018,04-09-2019 16:24,,,
11865717,JC478455,01-01-2009 15:00,086XX S SAGINAW AVE,1153,DECEPTIVE PRACTICE,FINANCIAL IDENTITY THEFT OVER $ 300,RESIDENCE,FALSE,FALSE,423,4,7,46,11,,,2009,10/20/2019 04:03:03 PM,,,
11229497,JB150308,12/29/2017 03:00:00 PM,030XX N HAMILTON AVE,1154,DECEPTIVE PRACTICE,FINANCIAL IDENTITY THEFT $300 AND UNDER,RESIDENCE,FALSE,FALSE,1931,19,32,5,11,,,2017,02/14/2018 03:52:17 PM,,,
11230193,JB151163,01-01-2014 00:01,054XX S CORNELL AVE,1153,DECEPTIVE PRACTICE,FINANCIAL IDENTITY THEFT OVER $ 300,RESIDENCE,FALSE,FALSE,234,2,5,41,11,,,2014,02/14/2018 03:52:17 PM,,,
11648818,JC216121,05-08-2016 09:45,0000X W 73RD ST,1153,DECEPTIVE PRACTICE,FINANCIAL IDENTITY THEFT OVER $ 300,,FALSE,FALSE,731,7,6,69,11,,,2016,04-09-2019 16:24,,,
11032940,JA365596,07-10-2009 09:00,038XX W HURON ST,1153,DECEPTIVE PRACTICE,FINANCIAL IDENTITY THEFT OVER $ 300,RESIDENCE,FALSE,FALSE,1122,11,27,23,11,,,2009,07/28/2017 03:47:55 PM,,,
11032965,JA365847,04/15/2015 09:00:00 AM,015XX W 117TH ST,1153,DECEPTIVE PRACTICE,FINANCIAL IDENTITY THEFT OVER $ 300,RESIDENCE,FALSE,FALSE,524,5,34,53,11,,,2015,07/28/2017 03:47:55 PM,,,
11648533,JC216495,09-01-2017 00:00,011XX S ALBANY AVE,1153,DECEPTIVE PRACTICE,FINANCIAL IDENTITY THEFT OVER $ 300,APARTMENT,FALSE,FALSE,1134,11,24,29,11,,,2017,04-09-2019 16:24,,,
11226269,JB145700,02-07-2018 18:00,016XX W GARFIELD BLVD,810,THEFT,OVER $500,CTA BUS,FALSE,FALSE,932,9,16,61,6,,,2018,02/14/2018 03:52:17 PM,,,
11033011,JA365922,01-01-2010 12:00,053XX S HARPER AVE,1154,DECEPTIVE PRACTICE,FINANCIAL IDENTITY THEFT $300 AND UNDER,APARTMENT,FALSE,FALSE,234,2,4,41,11,,,2010,07/28/2017 03:47:55 PM,,,
11229630,JB150531,03/15/2016 12:00:00 AM,020XX W CORTLAND ST,1154,DECEPTIVE PRACTICE,FINANCIAL IDENTITY THEFT $300 AND UNDER,RESIDENCE,FALSE,FALSE,1434,14,32,22,11,,,2016,02/14/2018 03:52:17 PM,,,
11648310,JC216054,02/21/2018 12:00:00 PM,017XX S STATE ST,1154,DECEPTIVE PRACTICE,FINANCIAL IDENTITY THEFT $300 AND UNDER,POLICE FACILITY/VEH PARKING LOT,FALSE,FALSE,131,1,3,33,11,,,2018,04-09-2019 16:24,,,
10231005,HY418763,09-11-2015 01:20,001XX W HURON ST,1150,DECEPTIVE PRACTICE,CREDIT CARD FRAUD,HOTEL/MOTEL,TRUE,FALSE,1832,18,42,8,11,1175253,1905045,2015,02/28/2019 04:02:38 PM,41.89482493,-87.63178864,"(41.894824927, -87.631788635)"
11449695,JB395814,08/16/2018 10:30:44 AM,109XX S WABASH AVE,2024,NARCOTICS,POSS: HEROIN(WHITE),RESIDENTIAL YARD (FRONT/BACK),TRUE,FALSE,513,5,9,49,18,,,2018,04-09-2019 16:24,,,
11033222,JA365934,05/26/2015 09:25:00 PM,069XX S SOUTH SHORE DR,1153,DECEPTIVE PRACTICE,FINANCIAL IDENTITY THEFT OVER $ 300,,FALSE,FALSE,331,3,5,43,11,,,2015,07/28/2017 03:47:55 PM,,,
11033227,JA365691,07-10-2017 18:15,021XX W CONCORD PL,820,THEFT,$500 AND UNDER,APARTMENT,FALSE,FALSE,1434,14,32,24,6,,,2017,07/28/2017 03:47:55 PM,,,
11229536,JB150371,06/30/2013 01:00:00 PM,060XX N AVONDALE AVE,820,THEFT,$500 AND UNDER,RESIDENCE,FALSE,FALSE,1612,16,41,10,6,,,2013,02/14/2018 03:52:17 PM,,,
11649199,JC217367,11/23/2018 08:00:00 AM,070XX N WESTERN AVE,1153,DECEPTIVE PRACTICE,FINANCIAL IDENTITY THEFT OVER $ 300,SMALL RETAIL STORE,FALSE,FALSE,2411,24,50,2,11,,,2018,04-09-2019 16:24,,,
11648806,JC216119,12-01-2013 09:20,001XX E MARQUETTE RD,1153,DECEPTIVE PRACTICE,FINANCIAL IDENTITY THEFT OVER $ 300,,FALSE,FALSE,322,3,6,69,11,,,2013,04-09-2019 16:24,,,
11229840,JB150864,05-01-2017 12:00,0000X E MONROE ST,620,BURGLARY,UNLAWFUL ENTRY,APARTMENT,FALSE,FALSE,112,1,42,32,5,,,2017,02/14/2018 03:52:17 PM,,,
11229533,JB150285,12-08-2017 09:00,050XX W HUTCHINSON ST,810,THEFT,OVER $500,RESIDENCE,FALSE,FALSE,1624,16,45,15,6,,,2017,02/14/2018 03:52:17 PM,,,
10231032,HY418708,09-11-2015 00:08,0000X E 79TH ST,143A,WEAPONS VIOLATION,UNLAWFUL POSS OF HANDGUN,STREET,TRUE,FALSE,623,6,6,44,15,1177763,1852641,2015,09/24/2015 07:50:13 PM,41.75096736,-87.62415881,"(41.750967358, -87.624158809)"
11229785,JB150818,12/28/2017 09:00:00 AM,073XX S DORCHESTER AVE,1120,DECEPTIVE PRACTICE,FORGERY,APARTMENT,FALSE,FALSE,324,3,5,43,10,,,2017,02/14/2018 03:52:17 PM,,,
11648910,JC216745,12/15/2018 10:00:00 AM,068XX W MEDILL AVE,1153,DECEPTIVE PRACTICE,FINANCIAL IDENTITY THEFT OVER $ 300,RESIDENCE,FALSE,FALSE,2512,25,36,18,11,,,2018,04-09-2019 16:24,,,
11451082,JB387494,08-10-2018 12:25,039XX W MONROE ST,2014,NARCOTICS,MANU/DELIVER: HEROIN (WHITE),SIDEWALK,TRUE,FALSE,1122,11,28,26,18,,,2018,04-09-2019 16:24,,,
11648366,JC216264,09-08-2016 16:00,026XX S HOMAN AVE,1562,SEX OFFENSE,AGG CRIMINAL SEXUAL ABUSE,RESIDENCE,FALSE,FALSE,1032,10,12,30,17,,,2016,04-09-2019 16:24,,,
11648505,JC216440,09-09-2018 09:00,012XX W BRYN MAWR AVE,2826,OTHER OFFENSE,HARASSMENT BY ELECTRONIC MEANS,APARTMENT,FALSE,TRUE,2013,20,48,77,26,,,2018,04-09-2019 16:24,,,
11451044,JB366445,07/26/2018 04:07:00 PM,016XX W MADISON ST,2027,NARCOTICS,POSS: CRACK,APARTMENT,TRUE,FALSE,1224,12,27,28,18,,,2018,04-09-2019 16:24,,,
11648817,JC216081,08/21/2018 09:00:00 AM,066XX S MOZART ST,1153,DECEPTIVE PRACTICE,FINANCIAL IDENTITY THEFT OVER $ 300,,FALSE,FALSE,831,8,17,66,11,,,2018,04-09-2019 16:24,,,
11244118,JB169797,12/23/2017 09:00:00 AM,006XX E 91ST PL,890,THEFT,FROM BUILDING,"SCHOOL, PUBLIC, BUILDING",FALSE,FALSE,633,6,6,44,6,,,2017,03-02-2018 15:54,,,
11244018,JB146470,01-01-2017 00:01,004XX N DRAKE AVE,1544,SEX OFFENSE,SEXUAL EXPLOITATION OF A CHILD,RESIDENCE,FALSE,FALSE,1123,11,27,23,17,,,2017,03-02-2018 15:54,,,
11648241,JC216160,07/25/2014 09:00:00 AM,040XX W 115TH ST,1153,DECEPTIVE PRACTICE,FINANCIAL IDENTITY THEFT OVER $ 300,APARTMENT,FALSE,FALSE,2211,22,19,74,11,,,2014,04-09-2019 16:24,,,
11648807,JC216267,04-01-2019 11:00,057XX S KIMBARK AVE,820,THEFT,$500 AND UNDER,RESIDENCE PORCH/HALLWAY,FALSE,FALSE,235,2,5,41,6,,,2019,04-09-2019 16:24,,,
10231535,HY419070,09-11-2015 06:00,062XX S DREXEL AVE,1320,CRIMINAL DAMAGE,TO VEHICLE,ALLEY,TRUE,FALSE,313,3,20,42,14,1183080,1863781,2015,02-10-2018 15:50,41.7814147,-87.60432891,"(41.781414696, -87.604328907)"
11244856,JB170697,12/30/2017 12:00:00 PM,037XX W 78TH ST,810,THEFT,OVER $500,RESIDENCE,FALSE,FALSE,833,8,18,70,6,,,2017,03-02-2018 15:54,,,
10231717,HY419255,09-11-2015 12:42,005XX W DIVERSEY PKWY,1130,DECEPTIVE PRACTICE,FRAUD OR CONFIDENCE GAME,SMALL RETAIL STORE,FALSE,FALSE,1935,19,43,7,11,1172060,1918871,2015,02-10-2018 15:50,41.93283521,-87.64310689,"(41.932835209, -87.643106886)"
11244257,JB169993,01-01-2017 00:01,056XX S SAWYER AVE,1753,OFFENSE INVOLVING CHILDREN,SEX ASSLT OF CHILD BY FAM MBR,RESIDENCE,FALSE,TRUE,822,8,14,63,2,,,2017,04/18/2018 03:52:37 PM,,,
10231817,HY419029,09-10-2015 21:00,032XX N CENTRAL AVE,810,THEFT,OVER $500,PARKING LOT/GARAGE(NON.RESID.),FALSE,FALSE,1633,16,38,15,6,1138455,1921199,2015,02-10-2018 15:50,41.93989946,-87.76654665,"(41.939899462, -87.766546647)"
10985237,JA311015,06/27/2011 12:00:00 AM,004XX E SOUTH WATER ST,1753,OFFENSE INVOLVING CHILDREN,SEX ASSLT OF CHILD BY FAM MBR,RESIDENCE,FALSE,TRUE,114,1,42,32,2,,,2011,04-10-2019 16:14,,,
11196021,JA549980,12/15/2017 06:15:00 AM,037XX W CERMAK RD,2022,NARCOTICS,POSS: COCAINE,VEHICLE NON-COMMERCIAL,TRUE,FALSE,1014,10,24,29,18,,,2017,03-03-2018 15:51,,,
11027485,JA358748,11/15/2007 12:00:00 AM,115XX S WENTWORTH AVE,1153,DECEPTIVE PRACTICE,FINANCIAL IDENTITY THEFT OVER $ 300,RESIDENCE,FALSE,FALSE,522,5,34,53,11,,,2007,07/29/2017 03:56:00 PM,,,
11043834,JA377958,08-02-2017 06:02,004XX W ALDINE AVE,1153,DECEPTIVE PRACTICE,FINANCIAL IDENTITY THEFT OVER $ 300,,FALSE,FALSE,1925,19,44,6,11,,,2017,08-09-2017 15:51,,,
11244267,JB169907,01-01-2017 00:01,009XX N SACRAMENTO BLVD,1562,SEX OFFENSE,AGG CRIMINAL SEXUAL ABUSE,RESIDENCE,FALSE,FALSE,1211,12,26,23,17,,,2017,03/21/2018 03:58:51 PM,,,
11244015,JB169634,12/25/2017 02:30:00 PM,020XX W MONTROSE AVE,560,ASSAULT,SIMPLE,STREET,FALSE,FALSE,1911,19,47,5,08A,,,2017,03-02-2018 15:54,,,
11174648,JA529390,11/29/2017 10:00:00 AM,033XX W FILLMORE ST,2093,NARCOTICS,FOUND SUSPECT NARCOTICS,POLICE FACILITY/VEH PARKING LOT,TRUE,FALSE,1134,11,24,29,18,,,2017,03-03-2018 15:51,,,
5253983,HM665450,10/17/2006 01:05:00 PM,052XX W HURON ST,2017,NARCOTICS,MANU/DELIVER:CRACK,STREET,TRUE,FALSE,1524,15,28,25,18,,,2006,08/17/2015 03:03:40 PM,,,
11244245,JB167262,10-10-2017 19:27,085XX S CARPENTER ST,820,THEFT,$500 AND UNDER,RESIDENCE,FALSE,FALSE,613,6,21,71,6,,,2017,03-02-2018 15:54,,,
11047604,JA382838,01-01-2009 00:00,029XX S STATE ST,1153,DECEPTIVE PRACTICE,FINANCIAL IDENTITY THEFT OVER $ 300,RESIDENCE,FALSE,FALSE,133,1,3,35,11,,,2009,08-09-2017 15:51,,,
5145265,HM742840,10-01-2005 09:00,035XX W CERMAK RD,810,THEFT,OVER $500,OTHER,TRUE,FALSE,1024,10,22,30,6,,,2005,08/17/2015 03:03:40 PM,,,
11244429,JB169551,12-05-2017 11:10,004XX W 97th st,820,THEFT,$500 AND UNDER,DRIVEWAY - RESIDENTIAL,FALSE,FALSE,2223,22,21,73,6,,,2017,03-02-2018 15:54,,,
11047839,JA382325,07/13/2011 09:00:00 PM,002XX E ONTARIO ST,1153,DECEPTIVE PRACTICE,FINANCIAL IDENTITY THEFT OVER $ 300,,FALSE,FALSE,1834,18,42,8,11,,,2011,08-09-2017 15:51,,,
11244829,JB170752,12/19/2017 05:00:00 PM,016XX S KOSTNER AVE,320,ROBBERY,STRONGARM - NO WEAPON,STREET,FALSE,FALSE,1012,10,24,29,3,,,2017,03-02-2018 15:54,,,
11047886,JA382230,07/27/2017 07:25:00 PM,028XX N CAMBRIDGE AVE,890,THEFT,FROM BUILDING,APARTMENT,FALSE,FALSE,1934,19,44,6,6,,,2017,08-09-2017 15:51,,,
11047889,JA382790,08-08-2014 08:55,045XX W ROOSEVELT RD,1153,DECEPTIVE PRACTICE,FINANCIAL IDENTITY THEFT OVER $ 300,,FALSE,FALSE,1131,11,24,29,11,,,2014,08-09-2017 15:51,,,
11048254,JA383607,07-06-2015 12:00,009XX W 54TH PL,1153,DECEPTIVE PRACTICE,FINANCIAL IDENTITY THEFT OVER $ 300,RESIDENCE,FALSE,FALSE,934,9,20,61,11,,,2015,08-09-2017 15:51,,,
11244851,JB170705,03-01-2014 00:01,021XX N KARLOV AVE,281,CRIM SEXUAL ASSAULT,NON-AGGRAVATED,RESIDENCE,TRUE,FALSE,2525,25,30,20,2,,,2014,06-07-2018 15:52,,,
10898807,HV349976,06-06-2012 13:30,006XX E 60TH ST,143A,WEAPONS VIOLATION,UNLAWFUL POSS OF HANDGUN,RESIDENCE-GARAGE,FALSE,FALSE,313,3,20,42,15,,,2012,08-10-2017 15:56,,,
10232007,HY419558,09-11-2015 17:35,066XX S ELLIS AVE,1310,CRIMINAL DAMAGE,TO PROPERTY,APARTMENT,FALSE,FALSE,321,3,5,42,14,1184031,1861168,2015,02-10-2018 15:50,41.77422221,-87.60092396,"(41.774222211, -87.600923958)"
11195890,JA558521,12/21/2017 02:18:00 PM,062XX N ARTESIAN AVE,2031,NARCOTICS,POSS: METHAMPHETAMINES,RESIDENCE,TRUE,FALSE,2413,24,50,2,18,,,2017,03-03-2018 15:51,,,
10232047,HY419516,09-11-2015 15:15,058XX N BROADWAY,560,ASSAULT,SIMPLE,APARTMENT,FALSE,FALSE,2022,20,48,77,08A,1167249,1938959,2015,02-10-2018 15:50,41.98806236,-87.66020685,"(41.988062359, -87.660206851)"
11243959,JB169577,01-01-2016 00:01,033XX N KILPATRICK AVE,1153,DECEPTIVE PRACTICE,FINANCIAL IDENTITY THEFT OVER $ 300,RESIDENCE,FALSE,FALSE,1731,17,30,15,11,,,2016,03-02-2018 15:54,,,
11244539,JB170384,12-02-2017 22:50,027XX W PRATT BLVD,2826,OTHER OFFENSE,HARASSMENT BY ELECTRONIC MEANS,OTHER,FALSE,TRUE,2411,24,50,2,26,,,2017,03-02-2018 15:54,,,
10232088,HY419610,09-11-2015 18:15,069XX S ABERDEEN ST,031A,ROBBERY,ARMED: HANDGUN,RESIDENCE,FALSE,FALSE,733,7,17,68,3,1170180,1858799,2015,02-10-2018 15:50,41.76803386,-87.6517678,"(41.76803386, -87.6517678)"
11175411,JA538872,12-06-2017 12:00,006XX W OHARE ST,1812,NARCOTICS,POSS: CANNABIS MORE THAN 30GMS,GOVERNMENT BUILDING/PROPERTY,TRUE,FALSE,1654,16,41,76,18,,,2017,03-03-2018 15:51,,,
11244431,JB169544,03-01-2016 07:40,021XX N KARLOV AVE,1153,DECEPTIVE PRACTICE,FINANCIAL IDENTITY THEFT OVER $ 300,,FALSE,FALSE,2525,25,30,20,11,,,2016,03-02-2018 15:54,,,
11244068,JB169739,12-03-2017 15:00,001XX W WASHINGTON ST,910,MOTOR VEHICLE THEFT,AUTOMOBILE,PARKING LOT/GARAGE(NON.RESID.),FALSE,FALSE,122,1,42,32,7,,,2017,03-02-2018 15:54,,,
11244768,JB382352,08-08-2017 09:19,0000X W TERMINAL ST,5001,OTHER OFFENSE,OTHER CRIME INVOLVING PROPERTY,AIRPORT TERMINAL UPPER LEVEL - NON-SECURE AREA,FALSE,FALSE,1653,16,41,76,26,,,2017,03-02-2018 15:54,,,
11863860,JC476294,10-06-2019 21:46,075XX S PAXTON AVE,1150,DECEPTIVE PRACTICE,CREDIT CARD FRAUD,RESIDENCE,FALSE,FALSE,414,4,7,43,11,1192180,1855367,2019,10/20/2019 03:56:02 PM,41.7581095,-87.57124014,"(41.758109495, -87.571240136)"
11226960,JB146657,02-08-2018 22:00,008XX W RANDOLPH ST,1305,CRIMINAL DAMAGE,CRIMINAL DEFACEMENT,CONSTRUCTION SITE,FALSE,FALSE,1224,12,27,28,14,,,2018,02/15/2018 03:50:23 PM,,,
11243966,JB169630,05-01-2017 09:00,048XX W CONCORD PL,1153,DECEPTIVE PRACTICE,FINANCIAL IDENTITY THEFT OVER $ 300,APARTMENT,FALSE,FALSE,2533,25,37,25,11,,,2017,03-02-2018 15:54,,,
10232195,HY419835,09-11-2015 22:17,055XX S ASHLAND AVE,486,BATTERY,DOMESTIC BATTERY SIMPLE,SIDEWALK,TRUE,FALSE,713,7,16,67,08B,1166617,1867978,2015,02-10-2018 15:50,41.79329893,-87.66456619,"(41.79329893, -87.66456619)"
11244270,JB166201,01-01-2017 00:01,0000X N PARKSIDE AVE,1752,OFFENSE INVOLVING CHILDREN,AGG CRIM SEX ABUSE FAM MEMBER,RESIDENCE,FALSE,FALSE,1513,15,29,25,17,,,2017,05-10-2019 16:10,,,
5741943,HN549294,08/25/2007 09:22:18 AM,074XX N ROGERS AVE,560,ASSAULT,SIMPLE,OTHER,FALSE,FALSE,2422,24,49,1,08A,,,2007,08/17/2015 03:03:40 PM,,,
11230526,JB151836,04-11-2016 12:00,048XX N KEDZIE AVE,1152,DECEPTIVE PRACTICE,ILLEGAL USE CASH CARD,BANK,FALSE,FALSE,1713,17,33,14,11,,,2016,02/15/2018 03:50:23 PM,,,
10232319,HY420070,09-12-2015 01:41,042XX W BARRY AVE,5130,OTHER OFFENSE,VIOLENT OFFENDER: DUTY TO REGISTER,STREET,FALSE,FALSE,2523,25,31,20,26,1147095,1920265,2015,02-10-2018 15:50,41.93717534,-87.73481558,"(41.937175335, -87.734815575)"
11230563,JB151860,08-01-2016 00:00,004XX W 99TH PL,1154,DECEPTIVE PRACTICE,FINANCIAL IDENTITY THEFT $300 AND UNDER,RESIDENCE,FALSE,FALSE,2232,22,9,73,11,,,2016,02/15/2018 03:50:23 PM,,,
10232339,HY420049,09-12-2015 02:53,038XX W MONROE ST,041A,BATTERY,AGGRAVATED: HANDGUN,RESIDENCE,FALSE,FALSE,1122,11,28,26,04B,1150823,1899387,2015,02-10-2018 15:50,41.87981187,-87.72166166,"(41.879811873, -87.721661659)"
11230662,JB151858,04/22/2017 12:01:00 AM,091XX S COLFAX AVE,1153,DECEPTIVE PRACTICE,FINANCIAL IDENTITY THEFT OVER $ 300,RESIDENCE,FALSE,FALSE,423,4,7,48,11,,,2017,02/15/2018 03:50:23 PM,,,
11230885,JB152058,01/20/2018 12:00:00 PM,070XX N SHERIDAN RD,890,THEFT,FROM BUILDING,APARTMENT,FALSE,FALSE,2423,24,49,1,6,,,2018,02/15/2018 03:50:23 PM,,,
11230751,JB151826,04-01-2017 00:00,024XX N GENEVA TER,1310,CRIMINAL DAMAGE,TO PROPERTY,RESIDENCE-GARAGE,FALSE,FALSE,1935,19,43,7,14,,,2017,02/15/2018 03:50:23 PM,,,
11032713,JA365235,09-10-2006 17:00,037XX W 55TH PL,1753,OFFENSE INVOLVING CHILDREN,SEX ASSLT OF CHILD BY FAM MBR,RESIDENCE,FALSE,FALSE,822,8,23,62,2,,,2006,07/29/2017 03:56:00 PM,,,
11032914,JA365404,07/26/2003 12:00:00 PM,040XX N LINCOLN AVE,1155,DECEPTIVE PRACTICE,AGGRAVATED FINANCIAL IDENTITY THEFT,BANK,FALSE,FALSE,1911,19,47,5,11,,,2003,07/29/2017 03:56:00 PM,,,
11033829,JA366883,08-01-2011 15:00,016XX W 106TH ST,1154,DECEPTIVE PRACTICE,FINANCIAL IDENTITY THEFT $300 AND UNDER,RESIDENCE,FALSE,FALSE,2212,22,19,72,11,,,2011,07/29/2017 03:56:00 PM,,,
11230834,JB152295,11/28/2017 12:59:00 PM,032XX W BELMONT AVE,1153,DECEPTIVE PRACTICE,FINANCIAL IDENTITY THEFT OVER $ 300,DEPARTMENT STORE,FALSE,FALSE,1733,17,35,21,11,,,2017,02/15/2018 03:50:23 PM,,,
11034262,JA363091,08-01-2015 12:00,055XX S WABASH AVE,1153,DECEPTIVE PRACTICE,FINANCIAL IDENTITY THEFT OVER $ 300,OTHER,FALSE,FALSE,225,2,20,40,11,,,2015,07/29/2017 03:56:00 PM,,,
10892876,HX190994,03/19/2014 10:00:00 AM,024XX S ST LOUIS AVE,2050,NARCOTICS,CRIMINAL DRUG CONSPIRACY,STREET,TRUE,FALSE,1024,10,22,30,18,,,2014,07/29/2017 03:52:50 PM,,,
10892948,HX543469,12/15/2014 04:58:00 PM,038XX W MONROE ST,2017,NARCOTICS,MANU/DELIVER:CRACK,VEHICLE NON-COMMERCIAL,TRUE,FALSE,1122,11,28,26,18,,,2014,07/29/2017 03:52:50 PM,,,
11230413,JB151639,12/20/2017 09:00:00 AM,026XX E 78TH ST,610,BURGLARY,FORCIBLE ENTRY,RESIDENCE,FALSE,FALSE,421,4,7,43,5,,,2017,02/15/2018 03:50:23 PM,,,
10917208,HW311596,06-09-2013 16:45,033XX W JACKSON BLVD,2017,NARCOTICS,MANU/DELIVER:CRACK,VEHICLE NON-COMMERCIAL,TRUE,FALSE,1134,11,28,27,18,,,2013,07/29/2017 03:52:50 PM,,,
11859643,JC471456,10/13/2019 05:31:00 PM,047XX W MONROE ST,141C,WEAPONS VIOLATION,UNLAWFUL USE OTHER DANG WEAPON,SIDEWALK,TRUE,FALSE,1113,11,28,25,15,1144756,1899145,2019,10/20/2019 04:03:03 PM,41.87926429,-87.7439452,"(41.87926429, -87.743945195)"
11230474,JB151737,01-03-2017 12:00,098XX S AVENUE H,1153,DECEPTIVE PRACTICE,FINANCIAL IDENTITY THEFT OVER $ 300,RESIDENCE,FALSE,FALSE,432,4,10,52,11,,,2017,02/15/2018 03:50:23 PM,,,
11033040,JA365661,03/22/2012 12:01:00 AM,005XX W 14TH PL,1120,DECEPTIVE PRACTICE,FORGERY,BANK,FALSE,FALSE,124,1,2,28,10,,,2012,07/29/2017 03:52:50 PM,,,
11231208,JB151691,12/30/2017 01:11:00 PM,008XX N CICERO AVE,1150,DECEPTIVE PRACTICE,CREDIT CARD FRAUD,OTHER,FALSE,FALSE,1111,11,37,25,11,,,2017,02/15/2018 03:50:23 PM,,,
11230745,JB151790,04-01-2017 00:00,024XX N GENEVA TER,1310,CRIMINAL DAMAGE,TO PROPERTY,RESIDENCE,FALSE,FALSE,1935,19,43,7,14,,,2017,02/15/2018 03:50:23 PM,,,
11230881,JB152344,06/23/2014 12:00:00 AM,011XX W 112TH PL,1153,DECEPTIVE PRACTICE,FINANCIAL IDENTITY THEFT OVER $ 300,,FALSE,FALSE,2234,22,34,75,11,,,2014,02/15/2018 03:50:23 PM,,,
6100076,HP196422,02/26/2008 12:00:00 AM,075XX N OAKLEY AVE,910,MOTOR VEHICLE THEFT,AUTOMOBILE,STREET,FALSE,FALSE,2411,24,49,2,7,,,2008,08/17/2015 03:03:40 PM,,,
11230791,JB152149,10/14/2017 02:00:00 PM,081XX S ALBANY AVE,910,MOTOR VEHICLE THEFT,AUTOMOBILE,SPORTS ARENA/STADIUM,FALSE,FALSE,835,8,18,70,7,,,2017,02/15/2018 03:50:23 PM,,,
11156506,JA487872,10/20/2017 03:00:00 PM,100XX W OHARE ST,2091,NARCOTICS,FORFEIT PROPERTY,AIRPORT/AIRCRAFT,TRUE,FALSE,1651,16,41,76,18,,,2017,02/17/2018 03:52:55 PM,,,
10232613,HY420540,09-09-2015 18:00,016XX N HOYNE AVE,820,THEFT,$500 AND UNDER,RESIDENCE-GARAGE,FALSE,FALSE,1434,14,32,24,6,1162085,1910717,2015,02-10-2018 15:50,41.9106746,-87.67999226,"(41.910674599, -87.679992255)"
11230877,JB152189,03/15/2016 01:25:00 PM,020XX W CORTLAND ST,1154,DECEPTIVE PRACTICE,FINANCIAL IDENTITY THEFT $300 AND UNDER,,FALSE,FALSE,1434,14,32,22,11,,,2016,02/15/2018 03:50:23 PM,,,
11226268,JB145778,02-08-2018 00:01,035XX N PINE GROVE AVE,1310,CRIMINAL DAMAGE,TO PROPERTY,RESIDENCE,FALSE,FALSE,1925,19,46,6,14,,,2018,02/15/2018 03:50:23 PM,,,
11230889,JB152026,03/22/2017 09:28:00 PM,078XX S MARSHFIELD AVE,1153,DECEPTIVE PRACTICE,FINANCIAL IDENTITY THEFT OVER $ 300,,FALSE,FALSE,611,6,17,71,11,,,2017,02/15/2018 03:50:23 PM,,,
10232758,HY420768,09-12-2015 18:00,067XX S OGLESBY AVE,560,ASSAULT,SIMPLE,RESIDENCE PORCH/HALLWAY,FALSE,FALSE,331,3,5,43,08A,1192924,1860831,2015,02-10-2018 15:50,41.77308501,-87.56833541,"(41.773085006, -87.568335406)"
10232777,HY419847,09-11-2015 22:05,061XX N HOYNE AVE,486,BATTERY,DOMESTIC BATTERY SIMPLE,APARTMENT,FALSE,TRUE,2413,24,40,2,08B,1161209,1940913,2015,02-10-2018 15:50,41.99355232,-87.68236779,"(41.99355232, -87.682367785)"
10232800,HY420842,07/20/2015 12:00:00 AM,042XX W HADDON AVE,820,THEFT,$500 AND UNDER,STREET,FALSE,FALSE,1111,11,37,23,6,1147921,1907330,2015,02-10-2018 15:50,41.9016646,-87.73211315,"(41.901664595, -87.732113146)"
10232806,HY419685,09-11-2015 19:00,075XX S STONY ISLAND AVE,545,ASSAULT,PRO EMP HANDS NO/MIN INJURY,HOSPITAL BUILDING/GROUNDS,FALSE,FALSE,411,4,8,43,08A,1188234,1855158,2015,02-10-2018 15:50,41.757631,-87.58570825,"(41.757630995, -87.585708249)"
10232816,HY420835,09-12-2015 13:15,021XX N CLARK ST,820,THEFT,$500 AND UNDER,PARKING LOT/GARAGE(NON.RESID.),FALSE,FALSE,1814,18,43,7,6,1173630,1914431,2015,02-10-2018 15:50,41.92061684,-87.63746976,"(41.92061684, -87.637469755)"
10232830,HY420858,09-12-2015 13:15,021XX N CLARK ST,820,THEFT,$500 AND UNDER,PARKING LOT/GARAGE(NON.RESID.),FALSE,FALSE,1814,18,43,7,6,1173630,1914431,2015,02-10-2018 15:50,41.92061684,-87.63746976,"(41.92061684, -87.637469755)"
11230521,JB150939,07/20/2016 08:00:00 AM,021XX W 50TH ST,1153,DECEPTIVE PRACTICE,FINANCIAL IDENTITY THEFT OVER $ 300,RESIDENCE,FALSE,FALSE,931,9,16,61,11,,,2016,02/15/2018 03:50:23 PM,,,
11042749,JA376537,08-03-2017 21:00,003XX E RANDOLPH ST,810,THEFT,OVER $500,OTHER,FALSE,FALSE,114,1,42,32,6,,,2017,08-10-2017 15:56,,,
11042753,JA376532,08-03-2017 16:00,017XX N WESTERN AVE,820,THEFT,$500 AND UNDER,APARTMENT,FALSE,FALSE,1434,14,1,24,6,,,2017,08-10-2017 15:56,,,
10232856,HY420840,09-12-2015 18:46,028XX W 61ST ST,454,BATTERY,AGG PO HANDS NO/MIN INJURY,SIDEWALK,TRUE,FALSE,823,8,15,66,08B,1158648,1864075,2015,02-10-2018 15:50,41.78275496,-87.69389436,"(41.782754956, -87.693894356)"
11230884,JB152020,04/20/2016 01:10:00 PM,015XX E 69TH ST,1153,DECEPTIVE PRACTICE,FINANCIAL IDENTITY THEFT OVER $ 300,,FALSE,FALSE,332,3,5,43,11,,,2016,02/15/2018 03:50:23 PM,,,
11230736,JB151816,09-01-2016 00:00,024XX N GENEVA TER,1310,CRIMINAL DAMAGE,TO PROPERTY,RESIDENCE-GARAGE,FALSE,FALSE,1935,19,43,7,14,,,2016,02/15/2018 03:50:23 PM,,,
11649962,JC218252,01/16/2018 10:25:00 AM,087XX S BISHOP ST,1153,DECEPTIVE PRACTICE,FINANCIAL IDENTITY THEFT OVER $ 300,,FALSE,FALSE,2222,22,21,71,11,,,2018,04-10-2019 16:14,,,
11231204,JB152754,11/27/2017 08:00:00 AM,001XX W NORTH AVE,1153,DECEPTIVE PRACTICE,FINANCIAL IDENTITY THEFT OVER $ 300,DEPARTMENT STORE,FALSE,FALSE,1821,18,42,8,11,,,2017,02/15/2018 03:50:23 PM,,,
11043831,JA378048,08-03-2017 17:15,003XX W RANDOLPH ST,870,THEFT,POCKET-PICKING,PARK PROPERTY,FALSE,FALSE,122,1,42,32,6,,,2017,08-10-2017 15:56,,,
11043833,JA377940,08-03-2017 01:44,004XX N STATE ST,810,THEFT,OVER $500,SIDEWALK,FALSE,FALSE,1831,18,42,8,6,,,2017,08-10-2017 15:56,,,
11449710,JB330494,07-01-2018 11:05,043XX W MONROE ST,2014,NARCOTICS,MANU/DELIVER: HEROIN (WHITE),SIDEWALK,TRUE,FALSE,1115,11,28,26,18,,,2018,04/13/2019 03:55:48 PM,,,
10232921,HY420828,09-12-2015 18:00,016XX E 79TH ST,552,ASSAULT,AGGRAVATED PO:KNIFE/CUT INSTR,OTHER,TRUE,FALSE,414,4,8,43,04A,1188721,1852930,2015,02-10-2018 15:50,41.75150553,-87.5839946,"(41.751505533, -87.583994603)"
11043848,JA378020,08-03-2017 21:30,003XX W RANDOLPH ST,870,THEFT,POCKET-PICKING,PARK PROPERTY,FALSE,FALSE,122,1,42,32,6,,,2017,08-10-2017 15:56,,,
11230401,JB151630,01/26/2017 10:00:00 AM,076XX S CICERO AVE,1150,DECEPTIVE PRACTICE,CREDIT CARD FRAUD,DEPARTMENT STORE,FALSE,FALSE,833,8,13,65,11,,,2017,02/15/2018 03:50:23 PM,,,
11230626,JA569327,12/31/2017 08:15:00 PM,042XX S WABASH AVE,910,MOTOR VEHICLE THEFT,AUTOMOBILE,STREET,FALSE,FALSE,213,2,3,38,7,,,2017,02/15/2018 03:50:23 PM,,,
11045365,JA376760,08-03-2017 18:30,033XX N KENMORE AVE,1360,CRIMINAL TRESPASS,TO VEHICLE,ALLEY,FALSE,FALSE,1924,19,44,6,26,,,2017,08-10-2017 15:56,,,
11230838,JB152123,07-07-2017 20:30,066XX S WESTERN AVE,1130,DECEPTIVE PRACTICE,FRAUD OR CONFIDENCE GAME,AUTO / BOAT / RV DEALERSHIP,FALSE,FALSE,832,8,15,66,11,,,2017,02/15/2018 03:50:23 PM,,,
11244255,JB169720,01-01-2012 00:01,019XX N LA CROSSE AVE,1562,SEX OFFENSE,AGG CRIMINAL SEXUAL ABUSE,APARTMENT,FALSE,FALSE,2533,25,31,19,17,,,2012,03-02-2018 15:54,,,
11866059,JC478759,09/24/2019 09:20:00 PM,014XX W Estes Ave,820,THEFT,$500 AND UNDER,RESIDENTIAL YARD (FRONT/BACK),FALSE,FALSE,2423,24,49,1,6,,,2019,10/20/2019 04:03:03 PM,,,
6400477,HP485201,07/31/2008 04:30:00 AM,078XX S UNION AVE,041A,BATTERY,AGGRAVATED: HANDGUN,SIDEWALK,FALSE,FALSE,621,6,17,71,04B,,,2008,08/17/2015 03:03:40 PM,,,
11244456,JB170167,06-01-2014 12:00,002XX E RANDOLPH ST,1153,DECEPTIVE PRACTICE,FINANCIAL IDENTITY THEFT OVER $ 300,OTHER,FALSE,FALSE,114,1,42,32,11,,,2014,03-02-2018 15:54,,,
11048532,JA384022,01-01-2014 12:00,005XX S DEARBORN ST,1153,DECEPTIVE PRACTICE,FINANCIAL IDENTITY THEFT OVER $ 300,OTHER,FALSE,FALSE,123,1,2,32,11,,,2014,08-10-2017 15:56,,,
11048700,JA384068,11-11-2014 00:01,003XX E 25TH ST,1153,DECEPTIVE PRACTICE,FINANCIAL IDENTITY THEFT OVER $ 300,RESIDENCE,FALSE,FALSE,133,1,2,33,11,,,2014,08-10-2017 15:56,,,
6421103,HP505515,08-08-2008 23:00,065XX N NASHVILLE AVE,1320,CRIMINAL DAMAGE,TO VEHICLE,STREET,FALSE,FALSE,1611,16,41,10,14,,,2008,08/17/2015 03:03:40 PM,,,
11048874,JA384134,01/24/2015 12:00:00 PM,061XX W MONTROSE AVE,1153,DECEPTIVE PRACTICE,FINANCIAL IDENTITY THEFT OVER $ 300,APARTMENT,FALSE,FALSE,1622,16,38,15,11,,,2015,08-10-2017 15:56,,,
11649438,JC217626,12-01-2018 10:00,0000X W HUBBARD ST,1140,DECEPTIVE PRACTICE,EMBEZZLEMENT,COMMERCIAL / BUSINESS OFFICE,FALSE,FALSE,1831,18,42,8,12,,,2018,04-10-2019 16:14,,,
10477655,HZ212194,04-03-2016 19:45,063XX S SACRAMENTO AVE,2017,NARCOTICS,MANU/DELIVER:CRACK,VEHICLE NON-COMMERCIAL,TRUE,FALSE,823,8,15,66,18,,,2016,03-03-2018 15:51,,,
11170974,JA536059,12-04-2017 12:00,033XX W FILLMORE ST,2093,NARCOTICS,FOUND SUSPECT NARCOTICS,POLICE FACILITY/VEH PARKING LOT,TRUE,FALSE,1134,11,24,29,18,,,2017,03-03-2018 15:51,,,
11174646,JA529447,11/29/2017 10:45:00 AM,033XX W FILLMORE ST,2093,NARCOTICS,FOUND SUSPECT NARCOTICS,POLICE FACILITY/VEH PARKING LOT,TRUE,FALSE,1134,11,24,29,18,,,2017,03-03-2018 15:51,,,
11175565,JA539510,12-06-2017 17:34,053XX S HONORE ST,2024,NARCOTICS,POSS: HEROIN(WHITE),APARTMENT,TRUE,FALSE,932,9,16,61,18,,,2017,03-03-2018 15:51,,,
11195880,JA557743,12/21/2017 06:00:00 AM,006XX W OHARE ST,2031,NARCOTICS,POSS: METHAMPHETAMINES,GOVERNMENT BUILDING/PROPERTY,TRUE,FALSE,1654,16,41,76,18,,,2017,03-03-2018 15:51,,,
11196013,JA542630,12-09-2017 10:04,002XX N ST LOUIS AVE,2014,NARCOTICS,MANU/DELIVER: HEROIN (WHITE),VEHICLE NON-COMMERCIAL,TRUE,FALSE,1123,11,28,27,18,,,2017,03-03-2018 15:51,,,
11003019,JA331123,07-02-2017 04:01,005XX W IOWA ST,1350,CRIMINAL TRESPASS,TO STATE SUP LAND,CHA PARKING LOT/GROUNDS,TRUE,FALSE,1823,18,27,8,26,,,2017,04-10-2019 16:14,,,
11450011,JB389972,08-12-2018 09:00,105XX S LAFAYETTE AVE,2014,NARCOTICS,MANU/DELIVER: HEROIN (WHITE),VEHICLE NON-COMMERCIAL,TRUE,FALSE,512,5,34,49,18,,,2018,04/13/2019 03:55:48 PM,,,
11649963,JC217297,02/25/2019 09:00:00 AM,009XX N Racine Ave,1153,DECEPTIVE PRACTICE,FINANCIAL IDENTITY THEFT OVER $ 300,,FALSE,FALSE,1213,12,27,24,11,,,2019,04-10-2019 16:14,,,
10233115,HY421228,09-12-2015 20:00,078XX S ADA ST,1310,CRIMINAL DAMAGE,TO PROPERTY,RESIDENCE,FALSE,FALSE,612,6,17,71,14,1168799,1852878,2015,02-10-2018 15:50,41.75181577,-87.65700044,"(41.751815774, -87.657000438)"
10233134,HY421245,09-12-2015 23:30,111XX S CHAMPLAIN AVE,486,BATTERY,DOMESTIC BATTERY SIMPLE,RESIDENCE,FALSE,TRUE,531,5,9,50,08B,1182573,1831252,2015,02-10-2018 15:50,41.69216321,-87.60719388,"(41.692163212, -87.607193879)"
11864422,JC476033,10/13/2019 03:01:00 AM,0000X W HURON ST,810,THEFT,OVER $500,RESIDENCE,FALSE,FALSE,1832,18,2,8,6,1175614,1905055,2019,10/20/2019 04:03:03 PM,41.89484426,-87.6304625,"(41.89484426, -87.630462495)"
6534949,HP599238,09/23/2008 06:30:00 AM,039XX S ROCKWELL ST,820,THEFT,$500 AND UNDER,STREET,FALSE,FALSE,912,9,12,58,6,,,2008,08/17/2015 03:03:40 PM,,,
10233174,HY421252,09/13/2015 02:45:00 AM,001XX S CALIFORNIA AVE,051A,ASSAULT,AGGRAVATED: HANDGUN,APARTMENT,TRUE,FALSE,1124,11,2,27,04A,1157744,1899368,2015,02-10-2018 15:50,41.87962157,-87.6962491,"(41.879621567, -87.696249102)"
11452192,JB335277,07-04-2018 17:25,0000X E 103RD ST,2014,NARCOTICS,MANU/DELIVER: HEROIN (WHITE),VEHICLE NON-COMMERCIAL,TRUE,FALSE,512,5,9,49,18,,,2018,04/13/2019 03:55:48 PM,,,
10233227,HY420409,09-12-2015 12:00,098XX S MARYLAND AVE,486,BATTERY,DOMESTIC BATTERY SIMPLE,RESIDENCE,FALSE,TRUE,511,5,8,50,08B,1183625,1840085,2015,02-10-2018 15:50,41.71637768,-87.60306816,"(41.716377684, -87.603068161)"
11649978,JC217323,04/27/2010 09:45:00 AM,009XX W 72ND ST,1153,DECEPTIVE PRACTICE,FINANCIAL IDENTITY THEFT OVER $ 300,,FALSE,FALSE,733,7,6,68,11,,,2010,04-10-2019 16:14,,,
10233248,HY421370,09-12-2015 21:00,048XX W WAVELAND AVE,810,THEFT,OVER $500,STREET,FALSE,FALSE,1634,16,38,15,6,1143369,1924162,2015,02-10-2018 15:50,41.94793963,-87.74841163,"(41.94793963, -87.748411625)"
11029638,JA361615,07/23/2017 07:30:00 AM,003XX E Randolph St,810,THEFT,OVER $500,STREET,FALSE,FALSE,114,1,42,32,6,,,2017,07/30/2017 03:51:44 PM,,,
10233262,HY420415,09-12-2015 12:00,004XX N PAULINA ST,810,THEFT,OVER $500,SIDEWALK,FALSE,FALSE,1215,12,26,24,6,1164985,1903214,2015,02-10-2018 15:50,41.89002472,-87.66955201,"(41.89002472, -87.669552009)"
11649676,JC217968,03-09-2018 07:00,050XX S DR MARTIN LUTHER KING JR DR,1154,DECEPTIVE PRACTICE,FINANCIAL IDENTITY THEFT $300 AND UNDER,APARTMENT,FALSE,FALSE,223,2,3,38,11,,,2018,04-10-2019 16:14,,,
11416849,JB171421,04/27/2018 12:00:00 AM,055XX S SACRAMENTO AVE,5000,OTHER OFFENSE,OTHER CRIME AGAINST PERSON,RESIDENCE,FALSE,FALSE,824,8,14,63,26,,,2018,04-10-2019 16:14,,,
10233302,HY421413,09-12-2015 21:00,011XX S RICHMOND ST,910,MOTOR VEHICLE THEFT,AUTOMOBILE,STREET,TRUE,FALSE,1135,11,28,29,7,1156864,1894979,2015,02-10-2018 15:50,41.86759559,-87.69959933,"(41.867595589, -87.69959933)"
11649990,JC217271,12/21/2008 11:10:00 AM,047XX S ST LAWRENCE AVE,1153,DECEPTIVE PRACTICE,FINANCIAL IDENTITY THEFT OVER $ 300,,FALSE,FALSE,223,2,4,38,11,,,2008,04-10-2019 16:14,,,
10233346,HY421508,09/13/2015 04:00:00 AM,041XX S PULASKI RD,1305,CRIMINAL DAMAGE,CRIMINAL DEFACEMENT,COMMERCIAL / BUSINESS OFFICE,FALSE,FALSE,815,8,14,57,14,1150364,1876850,2015,02-10-2018 15:50,41.81797649,-87.7239343,"(41.81797649, -87.7239343)"
10233394,HY421441,09-12-2015 18:00,018XX W FULLERTON AVE,1150,DECEPTIVE PRACTICE,CREDIT CARD FRAUD,SMALL RETAIL STORE,FALSE,FALSE,1931,19,32,7,11,1163768,1915979,2015,02-10-2018 15:50,41.92507853,-87.67366085,"(41.925078527, -87.673660848)"
11649947,JC217353,06-07-2018 16:50,047XX S INGLESIDE AVE,1150,DECEPTIVE PRACTICE,CREDIT CARD FRAUD,DEPARTMENT STORE,FALSE,FALSE,222,2,4,39,11,,,2018,04-10-2019 16:14,,,
11649970,JC218089,04/19/2018 03:41:00 AM,066XX S MARYLAND AVE,1153,DECEPTIVE PRACTICE,FINANCIAL IDENTITY THEFT OVER $ 300,,FALSE,FALSE,321,3,5,42,11,,,2018,04-10-2019 16:14,,,
11649626,JC217834,08/20/2018 12:00:00 AM,005XX W DEMING PL,1153,DECEPTIVE PRACTICE,FINANCIAL IDENTITY THEFT OVER $ 300,APARTMENT,FALSE,FALSE,1935,19,43,7,11,,,2018,04-10-2019 16:14,,,
10898113,JA197543,01-01-2013 08:00,022XX S KEDZIE AVE,1544,SEX OFFENSE,SEXUAL EXPLOITATION OF A CHILD,RESIDENCE,FALSE,FALSE,1024,10,24,30,17,,,2013,07/31/2017 03:53:25 PM,,,
11649307,JC217504,10-10-2017 09:00,039XX W WRIGHTWOOD AVE,1153,DECEPTIVE PRACTICE,FINANCIAL IDENTITY THEFT OVER $ 300,RESIDENCE,FALSE,FALSE,2524,25,31,22,11,,,2017,04-10-2019 16:14,,,
11649977,JC217266,12/20/2017 03:21:00 PM,023XX S MICHIGAN AVE,1153,DECEPTIVE PRACTICE,FINANCIAL IDENTITY THEFT OVER $ 300,,FALSE,FALSE,131,1,3,33,11,,,2017,04-10-2019 16:14,,,
11649752,JC218094,03/19/2016 03:03:00 PM,069XX N CLARK ST,1154,DECEPTIVE PRACTICE,FINANCIAL IDENTITY THEFT $300 AND UNDER,LIBRARY,FALSE,FALSE,2431,24,49,1,11,,,2016,04-10-2019 16:14,,,
11448693,JB348183,07/13/2018 03:05:00 PM,0000X W 119TH ST,2017,NARCOTICS,MANU/DELIVER:CRACK,SIDEWALK,TRUE,FALSE,522,5,9,53,18,,,2018,04/13/2019 03:55:48 PM,,,
6760140,HM197365,02/23/2006 07:06:20 PM,010XX W 105TH ST,2027,NARCOTICS,POSS: CRACK,STREET,TRUE,FALSE,2232,22,34,73,18,,,2006,08/17/2015 03:03:40 PM,,,
11473069,JB470526,04/30/2018 12:00:00 AM,067XX S INDIANA AVE,1754,OFFENSE INVOLVING CHILDREN,AGG SEX ASSLT OF CHILD FAM MBR,RESIDENCE,FALSE,TRUE,322,3,6,69,2,,,2018,04-10-2019 16:14,,,
11649965,JC217381,11-09-2010 03:30,045XX S CALUMET AVE,1153,DECEPTIVE PRACTICE,FINANCIAL IDENTITY THEFT OVER $ 300,,FALSE,FALSE,215,2,3,38,11,,,2010,04-10-2019 16:14,,,
11649625,JC217874,04/20/2018 12:00:00 AM,019XX W GRAND AVE,1154,DECEPTIVE PRACTICE,FINANCIAL IDENTITY THEFT $300 AND UNDER,RESIDENCE,FALSE,FALSE,1221,12,1,24,11,,,2018,04-10-2019 16:14,,,
11230720,JB152015,10-04-2017 08:00,010XX N ORLEANS ST,1130,DECEPTIVE PRACTICE,FRAUD OR CONFIDENCE GAME,RESIDENCE,FALSE,FALSE,1823,18,27,8,11,,,2017,02/16/2018 03:51:14 PM,,,
11230974,JB152462,08-06-2012 00:01,058XX S NORDICA AVE,265,CRIM SEXUAL ASSAULT,AGGRAVATED: OTHER,RESIDENCE,FALSE,FALSE,811,8,23,56,2,,,2012,02/16/2018 03:51:14 PM,,,
11231591,JB153303,12/30/2017 12:00:00 PM,008XX N MICHIGAN AVE,1150,DECEPTIVE PRACTICE,CREDIT CARD FRAUD,DEPARTMENT STORE,FALSE,FALSE,1833,18,42,8,11,,,2017,02/16/2018 03:53:11 PM,,,
11231298,JB152871,01-01-2011 10:00,080XX S VERNON AVE,1195,DECEPTIVE PRACTICE,FINAN EXPLOIT-ELDERLY/DISABLED,RESIDENCE,FALSE,FALSE,631,6,6,44,11,,,2011,02/16/2018 03:53:11 PM,,,
11231624,JB153317,09/16/2017 03:00:00 PM,075XX S WENTWORTH AVE,1153,DECEPTIVE PRACTICE,FINANCIAL IDENTITY THEFT OVER $ 300,RESIDENCE,FALSE,FALSE,623,6,17,69,11,,,2017,02/16/2018 03:53:11 PM,,,
11231792,JB152997,11/13/2017 05:33:00 PM,043XX N BROADWAY,890,THEFT,FROM BUILDING,OTHER,FALSE,FALSE,1915,19,46,3,6,,,2017,02/16/2018 03:53:11 PM,,,
11231452,JB153031,11/28/2017 04:51:00 PM,074XX N WINCHESTER AVE,890,THEFT,FROM BUILDING,STREET,FALSE,FALSE,2424,24,49,1,6,,,2017,02/16/2018 03:53:11 PM,,,
11226948,JB146664,02-09-2018 12:00,005XX N LAKE SHORE DR,1153,DECEPTIVE PRACTICE,FINANCIAL IDENTITY THEFT OVER $ 300,,FALSE,FALSE,1834,18,42,8,11,,,2018,02/16/2018 03:53:11 PM,,,
11643816,JC209931,04-03-2019 09:15,079XX S LANGLEY AVE,820,THEFT,$500 AND UNDER,RESIDENCE,FALSE,FALSE,624,6,6,44,6,,,2019,04-10-2019 16:14,,,
11231278,JB152803,11-01-2017 00:00,078XX S LANGLEY AVE,620,BURGLARY,UNLAWFUL ENTRY,RESIDENCE,FALSE,FALSE,624,6,6,69,5,,,2017,02/16/2018 03:53:11 PM,,,
11231332,JB152817,08/28/2017 08:00:00 AM,072XX S ASHLAND AVE,1210,DECEPTIVE PRACTICE,THEFT OF LABOR/SERVICES,RESIDENCE,FALSE,FALSE,734,7,17,67,11,,,2017,02/16/2018 03:53:11 PM,,,
11231293,JB152896,12/28/2017 12:01:00 AM,008XX W 76TH ST,4651,OTHER OFFENSE,SEX OFFENDER: FAIL REG NEW ADD,RESIDENCE,TRUE,FALSE,621,6,17,71,26,,,2017,02/27/2018 03:57:47 PM,,,
11175615,JA499969,11-05-2017 15:37,007XX W 87TH ST,2024,NARCOTICS,POSS: HEROIN(WHITE),VEHICLE NON-COMMERCIAL,TRUE,FALSE,2223,22,21,71,18,,,2017,02/17/2018 03:52:55 PM,,,
11231637,JB153407,05-01-2016 00:00,014XX N LATROBE AVE,2820,OTHER OFFENSE,TELEPHONE THREAT,RESIDENCE,FALSE,FALSE,2532,25,37,25,26,,,2016,02/22/2018 03:56:47 PM,,,
11231728,JB153143,12/22/2015 12:00:00 PM,033XX W 13TH ST,5000,OTHER OFFENSE,OTHER CRIME AGAINST PERSON,LIBRARY,FALSE,FALSE,1021,10,24,29,26,,,2015,02/16/2018 03:53:11 PM,,,
11232209,JB154094,10/19/2017 09:00:00 AM,062XX S ARTESIAN AVE,1156,DECEPTIVE PRACTICE,ATTEMPT - FINANCIAL IDENTITY THEFT,RESIDENCE,FALSE,FALSE,825,8,15,66,11,,,2017,02/16/2018 03:53:11 PM,,,
10233779,HY421911,09/13/2015 04:00:00 PM,121XX S ELIZABETH ST,530,ASSAULT,AGGRAVATED: OTHER DANG WEAPON,RESIDENCE,FALSE,FALSE,524,5,34,53,04A,1170194,1824230,2015,02-10-2018 15:50,41.6731711,-87.65271824,"(41.673171104, -87.65271824)"
11231374,JB152956,12/13/2017 07:30:00 PM,008XX W ARMITAGE AVE,1310,CRIMINAL DAMAGE,TO PROPERTY,DEPARTMENT STORE,FALSE,FALSE,1813,18,43,7,14,,,2017,02/16/2018 03:53:11 PM,,,
11452180,JB388672,08-11-2018 09:10,010XX N DRAKE AVE,2014,NARCOTICS,MANU/DELIVER: HEROIN (WHITE),VACANT LOT/LAND,TRUE,FALSE,1121,11,27,23,18,,,2018,04/13/2019 03:55:48 PM,,,
11231425,JB153065,12-12-2017 11:30,132XX S BALTIMORE AVE,1310,CRIMINAL DAMAGE,TO PROPERTY,APARTMENT,FALSE,FALSE,433,4,10,55,14,,,2017,02/16/2018 03:53:11 PM,,,
11231348,JB152918,05-05-2017 12:00,112XX S PEORIA ST,1153,DECEPTIVE PRACTICE,FINANCIAL IDENTITY THEFT OVER $ 300,RESIDENCE,FALSE,FALSE,2233,22,34,75,11,,,2017,02/16/2018 03:53:11 PM,,,
11231445,JB153118,01-01-2015 09:00,034XX N BROADWAY,1140,DECEPTIVE PRACTICE,EMBEZZLEMENT,RESTAURANT,FALSE,FALSE,1925,19,44,6,12,,,2015,02/16/2018 03:53:11 PM,,,
10233850,HY422218,09/13/2015 09:50:00 PM,097XX S COMMERCIAL AVE,820,THEFT,$500 AND UNDER,RESIDENCE,FALSE,TRUE,431,4,10,51,6,1197829,1840916,2015,02-10-2018 15:50,41.71831564,-87.55101901,"(41.718315644, -87.551019008)"
11189512,JA565504,12/15/2016 08:00:00 AM,035XX S MICHIGAN AVE,4650,OTHER OFFENSE,SEX OFFENDER: FAIL TO REGISTER,POLICE FACILITY/VEH PARKING LOT,FALSE,FALSE,213,2,3,35,26,,,2016,02/16/2018 03:53:11 PM,,,
11232162,JB154018,02-01-2016 09:00,004XX W 126TH ST,1153,DECEPTIVE PRACTICE,FINANCIAL IDENTITY THEFT OVER $ 300,RESIDENCE,FALSE,FALSE,523,5,9,53,11,,,2016,02/16/2018 03:53:11 PM,,,
11231340,JB152897,02-10-2017 00:01,029XX N ALBANY AVE,4651,OTHER OFFENSE,SEX OFFENDER: FAIL REG NEW ADD,RESIDENCE,FALSE,FALSE,1411,14,35,21,26,,,2017,02/16/2018 03:53:11 PM,,,
11232212,JB154097,06-07-2017 00:00,034XX N SOUTHPORT AVE,1153,DECEPTIVE PRACTICE,FINANCIAL IDENTITY THEFT OVER $ 300,RESIDENCE,FALSE,FALSE,1922,19,44,6,11,,,2017,02/16/2018 03:53:11 PM,,,
11448720,JB387332,08-10-2018 10:16,080XX S DREXEL AVE,2017,NARCOTICS,MANU/DELIVER:CRACK,ALLEY,TRUE,FALSE,631,6,8,44,18,,,2018,04/13/2019 03:55:48 PM,,,
11650067,JC218386,07/28/2013 12:00:00 PM,003XX S MICHIGAN AVE,1153,DECEPTIVE PRACTICE,FINANCIAL IDENTITY THEFT OVER $ 300,RESIDENCE,FALSE,FALSE,113,1,42,32,11,,,2013,04-10-2019 16:14,,,
10233910,HY422231,09/13/2015 10:00:00 PM,035XX W WABANSIA AVE,496,BATTERY,AGGRAVATED DOMESTIC BATTERY: KNIFE/CUTTING INST,APARTMENT,TRUE,TRUE,1422,14,26,23,04B,1152318,1911063,2015,02-10-2018 15:50,41.9118226,-87.71586364,"(41.9118226, -87.715863635)"
11228746,JB149324,12/16/2016 12:00:00 AM,009XX N LECLAIRE AVE,4651,OTHER OFFENSE,SEX OFFENDER: FAIL REG NEW ADD,APARTMENT,FALSE,FALSE,1531,15,37,25,26,,,2016,02/16/2018 03:53:11 PM,,,
11231378,JB152963,04-10-2017 00:00,052XX W CONGRESS PKWY,4651,OTHER OFFENSE,SEX OFFENDER: FAIL REG NEW ADD,APARTMENT,TRUE,FALSE,1522,15,29,25,26,,,2017,05-09-2018 15:48,,,
10233960,HY422307,09/13/2015 10:53:00 PM,069XX S WOLCOTT AVE,1811,NARCOTICS,POSS: CANNABIS 30GMS OR LESS,SIDEWALK,TRUE,FALSE,735,7,17,67,18,1164888,1858554,2015,02-10-2018 15:50,41.76747498,-87.67117239,"(41.767474984, -87.671172386)"
11231692,JB153477,09/18/2017 09:00:00 AM,071XX S SPAULDING AVE,1153,DECEPTIVE PRACTICE,FINANCIAL IDENTITY THEFT OVER $ 300,RESIDENCE,FALSE,FALSE,831,8,18,66,11,,,2017,02/16/2018 03:53:11 PM,,,
11231897,JB153081,11-02-2017 18:00,078XX S COTTAGE GROVE AVE,820,THEFT,$500 AND UNDER,VEHICLE NON-COMMERCIAL,FALSE,FALSE,624,6,6,69,6,,,2017,02/16/2018 03:53:11 PM,,,
10234057,HY422437,09/14/2015 05:40:00 AM,039XX W LAWRENCE AVE,460,BATTERY,SIMPLE,SIDEWALK,TRUE,FALSE,1712,17,39,14,08B,1149377,1931608,2015,02-10-2018 15:50,41.96825737,-87.72613345,"(41.968257372, -87.726133447)"
11231389,JB152966,06/13/2017 12:00:00 AM,051XX S MICHIGAN AVE,4651,OTHER OFFENSE,SEX OFFENDER: FAIL REG NEW ADD,APARTMENT,FALSE,FALSE,225,2,3,40,26,,,2017,02/16/2018 03:53:11 PM,,,
7153921,HR562323,09/29/2009 12:00:00 PM,013XX N CLARK ST,810,THEFT,OVER $500,STREET,FALSE,FALSE,1824,18,42,8,6,,,2009,08/17/2015 03:03:40 PM,,,
11231288,JB152888,01-01-2017 12:00,006XX W 63RD ST,5000,OTHER OFFENSE,OTHER CRIME AGAINST PERSON,OTHER,FALSE,FALSE,723,7,16,68,26,,,2017,02/16/2018 03:53:11 PM,,,
11232049,JB152439,12/30/2017 11:00:00 PM,035XX W MC LEAN AVE,281,CRIM SEXUAL ASSAULT,NON-AGGRAVATED,APARTMENT,FALSE,FALSE,1413,14,26,22,2,,,2017,02/16/2018 03:53:11 PM,,,
11231693,JB153295,09-01-2017 09:00,042XX S MOZART ST,2826,OTHER OFFENSE,HARASSMENT BY ELECTRONIC MEANS,RESIDENCE,FALSE,TRUE,921,9,14,58,26,,,2017,02/16/2018 03:53:11 PM,,,
11043847,JA378262,08-04-2017 21:30,003XX W RANDOLPH ST,870,THEFT,POCKET-PICKING,PARK PROPERTY,FALSE,FALSE,122,1,42,32,6,,,2017,08-11-2017 15:53,,,
11231656,JB153163,11/30/2017 10:00:00 AM,085XX S KOSTNER AVE,5002,OTHER OFFENSE,OTHER VEHICLE OFFENSE,STREET,FALSE,FALSE,834,8,18,70,26,,,2017,02/16/2018 03:53:11 PM,,,
11231361,JB152920,05-01-2015 00:00,073XX S DORCHESTER AVE,1153,DECEPTIVE PRACTICE,FINANCIAL IDENTITY THEFT OVER $ 300,RESIDENCE,FALSE,FALSE,324,3,5,43,11,,,2015,02/16/2018 03:53:11 PM,,,
11231386,JB152964,08/29/2017 12:00:00 AM,078XX S PAULINA ST,4651,OTHER OFFENSE,SEX OFFENDER: FAIL REG NEW ADD,APARTMENT,FALSE,FALSE,611,6,17,71,26,,,2017,02/16/2018 03:53:11 PM,,,
10234607,HY422689,09/13/2015 03:30:00 PM,021XX S FAIRFIELD AVE,810,THEFT,OVER $500,VEHICLE NON-COMMERCIAL,FALSE,FALSE,1023,10,28,30,6,1158365,1889528,2015,02-10-2018 15:50,41.85260694,-87.69423786,"(41.852606937, -87.694237858)"
10234652,HY422778,09/14/2015 11:10:00 AM,023XX W WASHINGTON BLVD,810,THEFT,OVER $500,STREET,FALSE,FALSE,1223,12,2,28,6,1160713,1900624,2015,02-10-2018 15:50,41.88300715,-87.68531253,"(41.883007148, -87.685312534)"
11045001,JA380061,08-04-2017 13:00,003XX E RANDOLPH ST,870,THEFT,POCKET-PICKING,PARK PROPERTY,FALSE,FALSE,114,1,42,32,6,,,2017,08-11-2017 15:53,,,
11045003,JA379390,08-04-2017 21:00,003XX E RANDOLPH ST,870,THEFT,POCKET-PICKING,PARK PROPERTY,FALSE,FALSE,114,1,42,32,6,,,2017,08-11-2017 15:53,,,
7265169,HR679482,12-08-2009 10:45,039XX S WELLS ST,2027,NARCOTICS,POSS: CRACK,STREET,TRUE,FALSE,925,9,3,37,18,,,2009,08/17/2015 03:03:40 PM,,,
11036046,JA368285,01-01-2015 00:01,048XX S LANGLEY AVE,1752,OFFENSE INVOLVING CHILDREN,AGG CRIM SEX ABUSE FAM MEMBER,RESIDENCE,FALSE,TRUE,223,2,4,38,20,,,2015,08-09-2017 15:49,,,
11036019,JA368165,12/30/2015 12:01:00 AM,101XX S CARPENTER ST,281,CRIM SEXUAL ASSAULT,NON-AGGRAVATED,RESIDENCE,FALSE,FALSE,2232,22,34,73,2,,,2015,07/31/2017 03:53:25 PM,,,
11036043,JA368214,01-01-2013 00:01,102XX S NORMAL AVE,1751,OFFENSE INVOLVING CHILDREN,CRIM SEX ABUSE BY FAM MEMBER,RESIDENCE,FALSE,TRUE,2232,22,9,73,20,,,2013,10/27/2017 03:52:13 PM,,,
11036042,JA368231,10/19/2015 12:01:00 AM,013XX W WASHBURNE AVE,281,CRIM SEXUAL ASSAULT,NON-AGGRAVATED,RESIDENCE,FALSE,FALSE,1233,12,2,28,2,,,2015,01/16/2018 04:00:46 PM,,,
11036280,JA370078,06/17/2014 04:25:00 PM,050XX S INDIANA AVE,1153,DECEPTIVE PRACTICE,FINANCIAL IDENTITY THEFT OVER $ 300,,FALSE,FALSE,224,2,3,38,11,,,2014,07/31/2017 03:53:25 PM,,,
11035992,JA368139,11-09-2015 00:01,042XX W VAN BUREN ST,1752,OFFENSE INVOLVING CHILDREN,AGG CRIM SEX ABUSE FAM MEMBER,RESIDENCE,FALSE,TRUE,1132,11,24,26,20,,,2015,08-04-2017 15:48,,,
11036494,JA370276,01-01-2014 00:01,104XX S WABASH AVE,1752,OFFENSE INVOLVING CHILDREN,AGG CRIM SEX ABUSE FAM MEMBER,RESIDENCE,FALSE,FALSE,512,5,9,49,20,,,2014,07/31/2017 03:53:25 PM,,,
11036834,JA370829,11/24/2014 12:00:00 PM,018XX S HAMLIN AVE,1153,DECEPTIVE PRACTICE,FINANCIAL IDENTITY THEFT OVER $ 300,RESIDENCE,FALSE,FALSE,1014,10,24,29,11,,,2014,07/31/2017 03:53:25 PM,,,
9895773,HX546181,12/14/2014 12:26:00 PM,080XX S KEELER AVE,890,THEFT,FROM BUILDING,RESIDENTIAL YARD (FRONT/BACK),FALSE,FALSE,834,8,13,70,6,,,2014,07/31/2017 03:53:25 PM,,,
11046497,JA381151,08-04-2017 21:00,003XX E RANDOLPH ST,810,THEFT,OVER $500,PARK PROPERTY,FALSE,FALSE,114,1,42,32,6,,,2017,08-11-2017 15:53,,,
7171329,HR581713,10-10-2009 21:50,024XX W NORTH SHORE AVE,810,THEFT,OVER $500,STREET,FALSE,FALSE,2412,24,50,2,6,,,2009,08/17/2015 03:03:40 PM,,,
11050079,JA385684,06-01-2014 00:00,005XX E 92ND ST,1153,DECEPTIVE PRACTICE,FINANCIAL IDENTITY THEFT OVER $ 300,RESIDENCE,FALSE,FALSE,633,6,6,44,11,,,2014,08-11-2017 15:53,,,
11050095,JA385802,03-02-2009 12:00,092XX S SAGINAW AVE,1153,DECEPTIVE PRACTICE,FINANCIAL IDENTITY THEFT OVER $ 300,APARTMENT,FALSE,FALSE,423,4,7,48,11,,,2009,08-11-2017 15:53,,,
10235078,HY423133,09-11-2015 19:40,003XX S DAMEN AVE,560,ASSAULT,SIMPLE,NURSING HOME/RETIREMENT HOME,FALSE,FALSE,1225,12,2,28,08A,1163119,1898512,2015,02-10-2018 15:50,41.87716145,-87.67653695,"(41.877161446, -87.676536946)"
10235089,HY423149,09/14/2015 03:32:00 PM,004XX N HARDING AVE,4625,OTHER OFFENSE,PAROLE VIOLATION,RESIDENCE-GARAGE,TRUE,FALSE,1122,11,27,23,26,1149978,1902709,2015,02-10-2018 15:50,41.88894429,-87.72467789,"(41.888944286, -87.724677894)"
10235139,HY423051,09/14/2015 01:45:00 PM,001XX W JACKSON BLVD,890,THEFT,FROM BUILDING,RESTAURANT,FALSE,FALSE,122,1,2,32,6,1174916,1898956,2015,02-10-2018 15:50,41.87812392,-87.63320879,"(41.878123916, -87.633208786)"
10235278,HY423361,09/14/2015 06:00:00 PM,035XX W MELROSE ST,530,ASSAULT,AGGRAVATED: OTHER DANG WEAPON,ALLEY,FALSE,FALSE,1732,17,35,21,04A,1152455,1921391,2015,02-10-2018 15:50,41.94016079,-87.71508677,"(41.94016079, -87.715086767)"
10235287,HY423460,09/14/2015 05:00:00 PM,075XX N SHERIDAN RD,560,ASSAULT,SIMPLE,SIDEWALK,FALSE,FALSE,2422,24,49,1,08A,1165633,1950062,2015,02-10-2018 15:50,42.01856391,-87.66583222,"(42.018563914, -87.665832222)"
10552368,HZ264698,05/14/2016 07:30:00 PM,010XX N LAVERGNE AVE,2014,NARCOTICS,MANU/DELIVER: HEROIN (WHITE),SIDEWALK,TRUE,FALSE,1531,15,37,25,18,,,2016,02/17/2018 03:52:55 PM,,,
11156448,JA505185,09/25/2017 12:45:00 PM,100XX W OHARE ST,2091,NARCOTICS,FORFEIT PROPERTY,AIRPORT/AIRCRAFT,TRUE,FALSE,1651,16,41,76,18,,,2017,02/17/2018 03:52:55 PM,,,
11231455,JB153113,10/29/2015 06:49:00 AM,115XX S HALSTED ST,1130,DECEPTIVE PRACTICE,FRAUD OR CONFIDENCE GAME,GAS STATION,FALSE,FALSE,524,5,34,53,11,,,2015,02/17/2018 03:52:55 PM,,,
10235447,HY423483,09/14/2015 01:30:00 PM,075XX S STONY ISLAND AVE,2825,OTHER OFFENSE,HARASSMENT BY TELEPHONE,HOSPITAL BUILDING/GROUNDS,FALSE,FALSE,411,4,8,43,26,1188234,1855158,2015,02-10-2018 15:50,41.757631,-87.58570825,"(41.757630995, -87.585708249)"
9763367,HX360256,07/25/2014 05:30:14 PM,004XX N CENTRAL AVE,2024,NARCOTICS,POSS: HEROIN(WHITE),APARTMENT,TRUE,FALSE,1523,15,28,25,18,,,2014,02/17/2018 03:52:55 PM,,,
11232642,JB153147,03-11-2017 09:00,015XX E 76TH ST,1153,DECEPTIVE PRACTICE,FINANCIAL IDENTITY THEFT OVER $ 300,OTHER,FALSE,FALSE,411,4,5,43,11,,,2017,02/17/2018 03:55:23 PM,,,
11232505,JB154426,12/14/2017 09:30:00 AM,011XX W FARWELL AVE,460,BATTERY,SIMPLE,APARTMENT,FALSE,FALSE,2431,24,49,1,08B,,,2017,02/17/2018 03:55:23 PM,,,
11232437,JB154345,09-01-2017 01:00,0000X N LOCKWOOD AVE,820,THEFT,$500 AND UNDER,OTHER,FALSE,FALSE,1522,15,28,25,6,,,2017,02/17/2018 03:55:23 PM,,,
10235531,HY423707,09/14/2015 08:50:00 PM,071XX S WOODLAWN AVE,033A,ROBBERY,ATTEMPT: ARMED-HANDGUN,RESIDENCE PORCH/HALLWAY,FALSE,FALSE,324,3,5,69,3,1185447,1857944,2015,02-10-2018 15:50,41.76534205,-87.59583457,"(41.765342053, -87.59583457)"
11650806,JC219025,11/20/2018 08:00:00 AM,054XX N MOODY AVE,810,THEFT,OVER $500,RESIDENCE,FALSE,FALSE,1622,16,45,11,6,,,2018,04-11-2019 16:07,,,
10801024,HZ571557,12/31/2016 02:00:00 AM,020XX N MILWAUKEE AVE,281,CRIM SEXUAL ASSAULT,NON-AGGRAVATED,BAR OR TAVERN,FALSE,FALSE,1431,14,1,22,2,,,2016,04-11-2019 16:07,,,
11232536,JB154575,02/16/2017 12:00:00 AM,006XX E BOWEN AVE,1153,DECEPTIVE PRACTICE,FINANCIAL IDENTITY THEFT OVER $ 300,OTHER,FALSE,FALSE,214,2,4,38,11,,,2017,02/17/2018 03:55:23 PM,,,
11650618,JC218900,01/18/2018 12:00:00 PM,020XX N HUMBOLDT BLVD,890,THEFT,FROM BUILDING,RESIDENCE-GARAGE,FALSE,FALSE,1414,14,1,22,6,,,2018,04-11-2019 16:07,,,
11651102,JC219225,03-01-2016 08:55,005XX N LECLAIRE AVE,1153,DECEPTIVE PRACTICE,FINANCIAL IDENTITY THEFT OVER $ 300,,FALSE,FALSE,1532,15,37,25,11,,,2016,04-11-2019 16:07,,,
10956057,JA275719,05-06-2017 11:00,002XX E 71ST ST,1582,OFFENSE INVOLVING CHILDREN,CHILD PORNOGRAPHY,RESIDENCE,FALSE,TRUE,322,3,6,69,17,,,2017,02/17/2018 03:55:23 PM,,,
11232677,JB154281,01-01-2016 00:01,018XX N LAMON AVE,1153,DECEPTIVE PRACTICE,FINANCIAL IDENTITY THEFT OVER $ 300,WAREHOUSE,FALSE,FALSE,2533,25,37,25,11,,,2016,02/17/2018 03:55:23 PM,,,
11480952,JB388702,08-11-2018 09:43,014XX S HOMAN AVE,2017,NARCOTICS,MANU/DELIVER:CRACK,SIDEWALK,TRUE,FALSE,1021,10,24,29,18,,,2018,04/13/2019 03:55:48 PM,,,
11651429,JC218513,11-01-2018 22:00,0000X E 110TH PL,1220,DECEPTIVE PRACTICE,THEFT OF LOST/MISLAID PROP,NURSING HOME/RETIREMENT HOME,FALSE,FALSE,513,5,9,49,11,,,2018,04-11-2019 16:07,,,
11232730,JB154365,02-04-2018 00:50,015XX W 47TH ST,890,THEFT,FROM BUILDING,BAR OR TAVERN,FALSE,FALSE,933,9,20,61,6,,,2018,02/17/2018 03:55:23 PM,,,
11650695,JC218936,12/18/2018 08:00:00 AM,003XX W 102ND PL,1156,DECEPTIVE PRACTICE,ATTEMPT - FINANCIAL IDENTITY THEFT,RESIDENCE,FALSE,FALSE,511,5,9,49,11,,,2018,04-11-2019 16:07,,,
11651457,JC219245,06-02-2018 00:00,102XX W ZEMKE RD,1206,DECEPTIVE PRACTICE,"THEFT BY LESSEE,MOTOR VEH",OTHER,FALSE,FALSE,1654,16,41,76,11,,,2018,04-11-2019 16:07,,,
11227511,JB138757,01-01-2005 00:01,117XX S WALLACE ST,1752,OFFENSE INVOLVING CHILDREN,AGG CRIM SEX ABUSE FAM MEMBER,RESIDENCE,FALSE,FALSE,524,5,34,53,17,,,2005,02/16/2019 03:59:01 PM,,,
10235783,HY423937,09/13/2015 02:00:00 PM,006XX N BISHOP ST,1320,CRIMINAL DAMAGE,TO VEHICLE,STREET,FALSE,FALSE,1215,12,27,24,14,1166504,1904262,2015,02-10-2018 15:50,41.89286813,-87.66394355,"(41.892868128, -87.663943553)"
11232280,JB154153,11/30/2017 05:45:00 PM,018XX N MILWAUKEE AVE,1206,DECEPTIVE PRACTICE,"THEFT BY LESSEE,MOTOR VEH",VEHICLE NON-COMMERCIAL,FALSE,FALSE,1434,14,1,22,11,,,2017,02/17/2018 03:55:23 PM,,,
11232737,JB154258,06/23/2015 12:29:00 PM,011XX W 111TH PL,1153,DECEPTIVE PRACTICE,FINANCIAL IDENTITY THEFT OVER $ 300,,FALSE,FALSE,2234,22,34,75,11,,,2015,02/17/2018 03:55:23 PM,,,
11231026,JB152500,01-01-2001 00:00,050XX N ASHLAND AVE,1754,OFFENSE INVOLVING CHILDREN,AGG SEX ASSLT OF CHILD FAM MBR,RESIDENCE,FALSE,FALSE,2032,20,47,3,2,,,2001,10/27/2018 04:00:07 PM,,,
11651121,JC219544,03/20/2019 08:01:00 AM,035XX S DR MARTIN LUTHER KING JR DR,820,THEFT,$500 AND UNDER,VEHICLE NON-COMMERCIAL,FALSE,FALSE,212,2,4,35,6,,,2019,04-11-2019 16:07,,,
11161712,JA513973,11/16/2017 11:23:00 AM,061XX S DR MARTIN LUTHER KING JR DR,2017,NARCOTICS,MANU/DELIVER:CRACK,SIDEWALK,TRUE,FALSE,311,3,20,40,18,,,2017,02/17/2018 03:55:23 PM,,,
11232488,JB154381,04-01-2015 09:00,020XX W IOWA ST,1153,DECEPTIVE PRACTICE,FINANCIAL IDENTITY THEFT OVER $ 300,RESIDENCE,FALSE,FALSE,1212,12,32,24,11,,,2015,02/17/2018 03:55:23 PM,,,
11232705,JB154747,08-03-2017 07:50,016XX E 84TH PL,485,BATTERY,AGGRAVATED OF A CHILD,RESIDENCE,FALSE,FALSE,412,4,8,45,04B,,,2017,02/17/2018 03:55:23 PM,,,
11651011,JC219479,10-01-2018 00:00,019XX N HAMLIN AVE,281,CRIM SEXUAL ASSAULT,NON-AGGRAVATED,"SCHOOL, PUBLIC, GROUNDS",FALSE,FALSE,2535,25,26,22,2,,,2018,04-11-2019 16:07,,,
11452605,JB444066,09/14/2018 01:00:00 AM,020XX N LINCOLN PARK WEST,486,BATTERY,DOMESTIC BATTERY SIMPLE,RESIDENCE,FALSE,TRUE,1814,18,43,7,08B,,,2018,04-11-2019 16:07,,,
11651104,JC219502,03/23/2019 12:02:00 PM,030XX S PARNELL AVE,820,THEFT,$500 AND UNDER,RESIDENTIAL YARD (FRONT/BACK),FALSE,FALSE,914,9,11,60,6,,,2019,04-11-2019 16:07,,,
11232744,JB154832,09-01-2017 12:00,027XX W GRANVILLE AVE,5001,OTHER OFFENSE,OTHER CRIME INVOLVING PROPERTY,RESIDENCE,FALSE,FALSE,2413,24,50,2,26,,,2017,02/17/2018 03:55:23 PM,,,
11232500,JB154487,07-12-2017 15:00,114XX S MORGAN ST,610,BURGLARY,FORCIBLE ENTRY,VACANT LOT/LAND,FALSE,FALSE,2234,22,34,75,5,,,2017,02/17/2018 03:55:23 PM,,,
11232341,JB154270,12/19/2017 03:58:00 PM,075XX S CALUMET AVE,1150,DECEPTIVE PRACTICE,CREDIT CARD FRAUD,RESIDENCE,FALSE,FALSE,623,6,6,69,11,,,2017,02/17/2018 03:55:23 PM,,,
11651023,JC219452,11-01-2018 00:01,118XX S MICHIGAN AVE,2825,OTHER OFFENSE,HARASSMENT BY TELEPHONE,OTHER,FALSE,FALSE,532,5,9,53,26,,,2018,04-11-2019 16:07,,,
11232583,JB154527,02-12-2017 00:00,048XX S LAKE PARK AVE,1154,DECEPTIVE PRACTICE,FINANCIAL IDENTITY THEFT $300 AND UNDER,APARTMENT,FALSE,FALSE,222,2,4,39,11,,,2017,02/17/2018 03:55:23 PM,,,
11650943,JC219446,05/20/2014 12:01:00 AM,096XX S PERRY AVE,1130,DECEPTIVE PRACTICE,FRAUD OR CONFIDENCE GAME,RESIDENCE,FALSE,FALSE,511,5,21,49,11,,,2014,04-11-2019 16:07,,,
11232548,JB154438,02-09-2017 14:00,0000X E 101ST PL,620,BURGLARY,UNLAWFUL ENTRY,RESIDENCE-GARAGE,FALSE,FALSE,511,5,9,49,5,,,2017,02/17/2018 03:55:23 PM,,,
11650560,JC218896,05/19/2018 12:01:00 AM,032XX W DICKENS AVE,1153,DECEPTIVE PRACTICE,FINANCIAL IDENTITY THEFT OVER $ 300,RESIDENCE,FALSE,FALSE,1413,14,26,22,11,,,2018,04-11-2019 16:07,,,
11651036,JC219045,06/16/2018 03:00:00 PM,040XX N CLARK ST,1210,DECEPTIVE PRACTICE,THEFT OF LABOR/SERVICES,GAS STATION,FALSE,FALSE,1912,19,47,6,11,,,2018,04-11-2019 16:07,,,
11651118,JC219551,11-05-2016 11:45,108XX S EBERHART AVE,1154,DECEPTIVE PRACTICE,FINANCIAL IDENTITY THEFT $300 AND UNDER,,FALSE,FALSE,513,5,9,49,11,,,2016,04-11-2019 16:07,,,
11651106,JC219506,05-01-2017 15:30,019XX W Diversey Pkwy,1153,DECEPTIVE PRACTICE,FINANCIAL IDENTITY THEFT OVER $ 300,,FALSE,FALSE,1931,19,32,5,11,,,2017,04-11-2019 16:07,,,
11650954,JC219384,07-10-2018 09:20,062XX S HALSTED ST,1153,DECEPTIVE PRACTICE,FINANCIAL IDENTITY THEFT OVER $ 300,BANK,FALSE,FALSE,712,7,16,68,11,,,2018,04-11-2019 16:07,,,
10236439,HY424310,09/15/2015 01:05:00 PM,048XX W AUGUSTA BLVD,1821,NARCOTICS,MANU/DEL:CANNABIS 10GM OR LESS,RESIDENCE PORCH/HALLWAY,TRUE,FALSE,1531,15,37,25,18,1143861,1906208,2015,02-10-2018 15:50,41.89866281,-87.74705433,"(41.898662812, -87.747054331)"
11232410,JB154238,10/21/2017 12:00:00 PM,066XX W 63RD PL,1195,DECEPTIVE PRACTICE,FINAN EXPLOIT-ELDERLY/DISABLED,RESIDENCE,FALSE,FALSE,812,8,23,64,11,,,2017,04/13/2018 04:02:29 PM,,,
11650853,JC219195,08/24/2018 05:11:00 PM,027XX N RUTHERFORD AVE,1153,DECEPTIVE PRACTICE,FINANCIAL IDENTITY THEFT OVER $ 300,OTHER,FALSE,FALSE,2512,25,36,18,11,,,2018,04-11-2019 16:07,,,
11229087,JB149412,02-10-2018 16:00,015XX E 55TH ST,1152,DECEPTIVE PRACTICE,ILLEGAL USE CASH CARD,CTA PLATFORM,FALSE,FALSE,234,2,4,41,11,,,2018,02/17/2018 03:55:23 PM,,,
10236519,HY399484,08/26/2015 04:30:00 PM,059XX N GLENWOOD AVE,820,THEFT,$500 AND UNDER,PARK PROPERTY,FALSE,FALSE,2013,20,48,77,6,1165910,1939379,2015,02-10-2018 15:50,41.98924362,-87.66511973,"(41.989243623, -87.665119726)"
11044982,JA380144,08-05-2017 20:30,003XX E Randolph St,870,THEFT,POCKET-PICKING,PARK PROPERTY,FALSE,FALSE,114,1,42,32,6,,,2017,08-12-2017 15:49,,,
10236578,HY423012,09-11-2015 12:00,113XX S STEWART AVE,910,MOTOR VEHICLE THEFT,AUTOMOBILE,RESIDENCE-GARAGE,FALSE,FALSE,522,5,34,49,7,1175652,1829649,2015,02-10-2018 15:50,41.68792165,-87.6325803,"(41.687921648, -87.632580299)"
11229074,JB149824,02-10-2018 18:30,001XX W CONGRESS PKWY,810,THEFT,OVER $500,CTA TRAIN,FALSE,FALSE,122,1,2,32,6,,,2018,02/17/2018 03:55:23 PM,,,
11045368,JA379610,08-05-2017 01:45,052XX S INGLESIDE AVE,880,THEFT,PURSE-SNATCHING,STREET,FALSE,FALSE,233,2,4,41,6,,,2017,08-12-2017 15:49,,,
11232463,JB154315,12-01-2009 12:00,060XX S MENARD AVE,1754,OFFENSE INVOLVING CHILDREN,AGG SEX ASSLT OF CHILD FAM MBR,RESIDENCE,FALSE,FALSE,812,8,13,64,2,,,2009,02/17/2018 03:55:23 PM,,,
11651467,JC219261,08/15/2018 12:35:00 PM,102XX W ZEMKE RD,1206,DECEPTIVE PRACTICE,"THEFT BY LESSEE,MOTOR VEH",OTHER,FALSE,FALSE,1654,16,41,76,11,,,2018,04-11-2019 16:07,,,
11232681,JB154509,12/15/2015 02:00:00 PM,046XX W BERTEAU AVE,1155,DECEPTIVE PRACTICE,AGGRAVATED FINANCIAL IDENTITY THEFT,APARTMENT,FALSE,FALSE,1722,17,45,15,11,,,2015,02/17/2018 03:55:23 PM,,,
11651110,JC219498,04-01-2019 12:40,105XX S GREEN BAY AVE,1154,DECEPTIVE PRACTICE,FINANCIAL IDENTITY THEFT $300 AND UNDER,,FALSE,FALSE,432,4,10,52,11,,,2019,04-11-2019 16:07,,,
11046489,JA381689,08-05-2017 17:00,044XX N LAKE SHORE DR NB,820,THEFT,$500 AND UNDER,PARK PROPERTY,FALSE,FALSE,1914,19,46,3,6,,,2017,08-12-2017 15:49,,,
11046496,JA381093,08-05-2017 16:30,003XX E Randolph st,870,THEFT,POCKET-PICKING,PARK PROPERTY,FALSE,FALSE,114,1,42,32,6,,,2017,08-12-2017 15:49,,,
11046506,JA381704,08-05-2017 08:00,003XX E RANDOLPH ST,820,THEFT,$500 AND UNDER,OTHER,FALSE,FALSE,114,1,42,32,6,,,2017,08-12-2017 15:49,,,
11232906,JB154854,11/20/2017 08:00:00 AM,004XX E OHIO ST,1150,DECEPTIVE PRACTICE,CREDIT CARD FRAUD,STREET,FALSE,FALSE,1834,18,42,8,11,,,2017,02/17/2018 03:55:23 PM,,,
11232310,JB154174,08/31/2017 09:00:00 AM,015XX N FREMONT ST,910,MOTOR VEHICLE THEFT,AUTOMOBILE,OTHER,FALSE,FALSE,1822,18,43,8,7,,,2017,02/17/2018 03:55:23 PM,,,
11232344,JB154242,10/15/2017 11:00:00 AM,092XX S BURLEY AVE,1582,OFFENSE INVOLVING CHILDREN,CHILD PORNOGRAPHY,OTHER,FALSE,FALSE,424,4,10,46,17,,,2017,02/17/2018 03:55:23 PM,,,
11483749,JB389943,08-12-2018 08:09,051XX W CHICAGO AVE,2014,NARCOTICS,MANU/DELIVER: HEROIN (WHITE),VEHICLE NON-COMMERCIAL,TRUE,FALSE,1531,15,37,25,18,,,2018,04/13/2019 03:55:48 PM,,,
11650699,JC218948,10/20/2015 12:00:00 PM,077XX S RHODES AVE,1153,DECEPTIVE PRACTICE,FINANCIAL IDENTITY THEFT OVER $ 300,RESIDENCE,FALSE,FALSE,624,6,6,69,11,,,2015,04-11-2019 16:07,,,
11047815,JA383194,07/19/2003 12:01:00 AM,053XX S MAPLEWOOD AVE,1752,OFFENSE INVOLVING CHILDREN,AGG CRIM SEX ABUSE FAM MEMBER,RESIDENCE,FALSE,FALSE,923,9,14,63,20,,,2003,08-12-2017 15:49,,,
11047842,JA383044,08-05-2017 00:00,001XX S MICHIGAN AVE,820,THEFT,$500 AND UNDER,STREET,FALSE,FALSE,112,1,42,32,6,,,2017,08-12-2017 15:49,,,
11047891,JA382902,08-05-2017 11:10,007XX N Michigan Ave,860,THEFT,RETAIL THEFT,DEPARTMENT STORE,FALSE,FALSE,1834,18,42,8,6,,,2017,08-12-2017 15:49,,,
11651116,JC219224,09-01-2017 08:30,064XX S DORCHESTER AVE,1153,DECEPTIVE PRACTICE,FINANCIAL IDENTITY THEFT OVER $ 300,,FALSE,FALSE,314,3,20,42,11,,,2017,04-11-2019 16:07,,,
11865816,JC478588,04/14/2018 06:00:00 PM,056XX W DIVERSEY AVE,1130,DECEPTIVE PRACTICE,FRAUD OR CONFIDENCE GAME,OTHER,FALSE,FALSE,2514,25,30,19,11,,,2018,10/20/2019 04:03:03 PM,,,
11050829,JA386641,09-01-2012 00:00,004XX N RIDGEWAY AVE,1153,DECEPTIVE PRACTICE,FINANCIAL IDENTITY THEFT OVER $ 300,RESIDENCE,FALSE,FALSE,1122,11,27,23,11,,,2012,08-12-2017 15:49,,,
10236769,HY424547,09/15/2015 04:00:00 PM,001XX W JACKSON BLVD,4387,OTHER OFFENSE,VIOLATE ORDER OF PROTECTION,OTHER,FALSE,TRUE,122,1,2,32,26,1174916,1898956,2015,02-10-2018 15:50,41.87812392,-87.63320879,"(41.878123916, -87.633208786)"
10236775,HY424633,09/15/2015 03:15:00 PM,060XX W 64TH ST,051A,ASSAULT,AGGRAVATED: HANDGUN,ALLEY,TRUE,FALSE,812,8,13,64,04A,1137271,1861477,2015,02-10-2018 15:50,41.77603508,-87.77233246,"(41.776035076, -87.77233246)"
11651107,JC219562,12/22/2018 11:35:00 AM,014XX E 53RD ST,1153,DECEPTIVE PRACTICE,FINANCIAL IDENTITY THEFT OVER $ 300,,FALSE,FALSE,234,2,4,41,11,,,2018,04-11-2019 16:07,,,
11035301,JA368739,07/25/2017 08:00:00 PM,002XX E Randolph St,820,THEFT,$500 AND UNDER,PARK PROPERTY,FALSE,FALSE,114,1,42,32,6,,,2017,08-01-2017 15:52,,,
11051349,JA386728,12-01-2015 19:35,011XX W FARWELL AVE,1154,DECEPTIVE PRACTICE,FINANCIAL IDENTITY THEFT $300 AND UNDER,,FALSE,FALSE,2431,24,49,1,11,,,2015,08-12-2017 15:49,,,
11051185,JA387200,04-10-2015 12:00,045XX N KIMBALL AVE,1121,DECEPTIVE PRACTICE,COUNTERFEITING DOCUMENT,APARTMENT,FALSE,FALSE,1724,17,33,14,10,,,2015,08-12-2017 15:49,,,
11051272,JA383332,03/15/2014 12:00:00 AM,004XX E 95TH ST,1751,OFFENSE INVOLVING CHILDREN,CRIM SEX ABUSE BY FAM MEMBER,RESIDENCE,FALSE,FALSE,633,6,9,49,20,,,2014,08-12-2017 15:49,,,
11036991,JA371001,05/22/2015 12:01:00 AM,017XX N WHIPPLE ST,1153,DECEPTIVE PRACTICE,FINANCIAL IDENTITY THEFT OVER $ 300,OTHER,FALSE,FALSE,1421,14,26,23,11,,,2015,08-01-2017 15:52,,,
11051274,JA385356,09-01-2015 00:01,069XX S YALE AVE,1752,OFFENSE INVOLVING CHILDREN,AGG CRIM SEX ABUSE FAM MEMBER,RESIDENCE,FALSE,FALSE,731,7,6,69,20,,,2015,08-12-2017 15:49,,,
11051296,JA385534,06-01-2015 00:00,019XX W LAKE ST,1562,SEX OFFENSE,AGG CRIMINAL SEXUAL ABUSE,RESIDENCE,FALSE,FALSE,1223,12,27,28,17,,,2015,08-12-2017 15:49,,,
11051310,JA385303,07-01-2015 00:01,011XX N DEARBORN ST,1752,OFFENSE INVOLVING CHILDREN,AGG CRIM SEX ABUSE FAM MEMBER,RESIDENCE,FALSE,FALSE,1824,18,42,8,20,,,2015,08-12-2017 15:49,,,
11051313,JA385577,01-01-2015 00:00,063XX S WINCHESTER AVE,1753,OFFENSE INVOLVING CHILDREN,SEX ASSLT OF CHILD BY FAM MBR,RESIDENCE,FALSE,FALSE,726,7,15,67,2,,,2015,08-12-2017 15:49,,,
10236813,HY424575,09/15/2015 04:09:00 PM,059XX N GLENWOOD AVE,484,BATTERY,PRO EMP HANDS NO/MIN INJURY,"SCHOOL, PUBLIC, GROUNDS",TRUE,FALSE,2013,20,48,77,08B,1165910,1939379,2015,02-10-2018 15:50,41.98924362,-87.66511973,"(41.989243623, -87.665119726)"
11651474,JC219273,10-05-2018 17:15,102XX W ZEMKE RD,1206,DECEPTIVE PRACTICE,"THEFT BY LESSEE,MOTOR VEH",OTHER,FALSE,FALSE,1654,16,41,76,11,,,2018,04-11-2019 16:07,,,
11037400,JA371345,06/15/2015 10:00:00 AM,073XX S SOUTH SHORE DR,1153,DECEPTIVE PRACTICE,FINANCIAL IDENTITY THEFT OVER $ 300,RESIDENCE,FALSE,FALSE,334,3,7,43,11,,,2015,08-01-2017 15:52,,,
11651620,JC220143,11/14/2018 01:00:00 PM,025XX W LEXINGTON ST,910,MOTOR VEHICLE THEFT,AUTOMOBILE,PARKING LOT/GARAGE(NON.RESID.),FALSE,FALSE,1135,11,28,28,7,,,2018,04-11-2019 16:07,,,
11037459,JA371175,01-01-2008 09:00,026XX W ARMITAGE AVE,1153,DECEPTIVE PRACTICE,FINANCIAL IDENTITY THEFT OVER $ 300,APARTMENT,FALSE,FALSE,1431,14,1,22,11,,,2008,08-01-2017 15:52,,,
11037508,JA361287,03/16/2013 02:00:00 PM,080XX S MERRILL AVE,910,MOTOR VEHICLE THEFT,AUTOMOBILE,STREET,FALSE,FALSE,414,4,8,46,7,,,2013,08-01-2017 15:52,,,
11037529,JA371603,12/24/2015 05:30:00 PM,016XX W 93RD PL,1153,DECEPTIVE PRACTICE,FINANCIAL IDENTITY THEFT OVER $ 300,,FALSE,FALSE,2221,22,21,73,11,,,2015,08-01-2017 15:52,,,
11651465,JC219013,11/18/2018 09:00:00 AM,003XX E RANDOLPH ST,1140,DECEPTIVE PRACTICE,EMBEZZLEMENT,COMMERCIAL / BUSINESS OFFICE,FALSE,FALSE,114,1,42,32,12,,,2018,04-11-2019 16:07,,,
11650950,JC219397,12/18/2018 12:00:00 PM,021XX W HOOD AVE,5002,OTHER OFFENSE,OTHER VEHICLE OFFENSE,STREET,FALSE,FALSE,2413,24,40,2,26,,,2018,04-11-2019 16:07,,,
10236955,HY424874,09/15/2015 08:10:00 PM,055XX W FLOURNOY ST,460,BATTERY,SIMPLE,ALLEY,FALSE,FALSE,1522,15,29,25,08B,1139712,1896412,2015,02-10-2018 15:50,41.87185814,-87.76253292,"(41.871858138, -87.762532916)"
11477113,JB367720,07/27/2018 02:15:22 PM,069XX S ROCKWELL ST,2024,NARCOTICS,POSS: HEROIN(WHITE),RESIDENCE,TRUE,FALSE,831,8,17,66,18,,,2018,04/13/2019 03:55:48 PM,,,
11650748,JC218863,04-01-2015 09:00,011XX W 15TH ST,5000,OTHER OFFENSE,OTHER CRIME AGAINST PERSON,RESIDENCE,FALSE,FALSE,1232,12,11,28,26,,,2015,04-11-2019 16:07,,,
11651475,JC219287,10-05-2018 16:15,102XX W ZEMKE RD,1206,DECEPTIVE PRACTICE,"THEFT BY LESSEE,MOTOR VEH",OTHER,FALSE,FALSE,1654,16,41,76,11,,,2018,04-11-2019 16:07,,,
11645224,JC212415,04-05-2019 07:10,001XX W IDA B WELLS DR,810,THEFT,OVER $500,CTA TRAIN,FALSE,FALSE,121,1,4,32,6,,,2019,04-12-2019 16:08,,,
10237197,HY425098,09/16/2015 12:10:00 AM,007XX E 107TH ST,1320,CRIMINAL DAMAGE,TO VEHICLE,STREET,FALSE,FALSE,513,5,9,50,14,1182980,1833894,2015,02-10-2018 15:50,41.69940379,-87.60562208,"(41.699403785, -87.605622083)"
11231737,JB153259,10-01-2017 10:00,066XX S HERMITAGE AVE,1195,DECEPTIVE PRACTICE,FINAN EXPLOIT-ELDERLY/DISABLED,RESIDENCE,FALSE,FALSE,725,7,15,67,11,,,2017,02/18/2018 03:45:39 PM,,,
11233682,JB154368,09/25/2017 12:00:00 PM,041XX N MARINE DR,1153,DECEPTIVE PRACTICE,FINANCIAL IDENTITY THEFT OVER $ 300,COMMERCIAL / BUSINESS OFFICE,TRUE,FALSE,1915,19,46,3,11,,,2017,10/30/2018 04:11:55 PM,,,
11233153,JB155252,11/13/2017 10:31:00 AM,0000X W 36TH ST,810,THEFT,OVER $500,RESIDENCE PORCH/HALLWAY,FALSE,FALSE,213,2,3,35,6,,,2017,02/18/2018 03:47:38 PM,,,
11233092,JB155323,12/16/2017 09:30:00 PM,005XX N MONTICELLO AVE,1330,CRIMINAL TRESPASS,TO LAND,RESIDENCE,FALSE,FALSE,1122,11,27,23,26,,,2017,02/18/2018 03:47:38 PM,,,
11233312,JB155575,12/24/2017 03:00:00 PM,059XX W 64TH PL,820,THEFT,$500 AND UNDER,RESIDENCE,FALSE,FALSE,812,8,13,64,6,,,2017,02/18/2018 03:47:38 PM,,,
11230712,JB151124,02-11-2018 10:00,005XX E 104TH PL,486,BATTERY,DOMESTIC BATTERY SIMPLE,RESIDENCE,FALSE,TRUE,512,5,9,49,08B,,,2018,02/18/2018 03:47:38 PM,,,
11233209,JB155522,08/21/2017 10:00:00 AM,072XX S CAMPBELL AVE,1154,DECEPTIVE PRACTICE,FINANCIAL IDENTITY THEFT $300 AND UNDER,APARTMENT,FALSE,FALSE,832,8,18,66,11,,,2017,02/18/2018 03:47:38 PM,,,
10000572,HY190319,03/19/2015 09:50:00 AM,048XX W MONROE ST,1811,NARCOTICS,POSS: CANNABIS 30GMS OR LESS,SIDEWALK,TRUE,FALSE,1533,15,28,25,18,1144078,1899221,2015,02-10-2018 15:50,41.87948559,-87.74643282,"(41.879485593, -87.746432819)"
11233183,JB155455,02/16/2016 09:00:00 AM,029XX W AUGUSTA BLVD,910,MOTOR VEHICLE THEFT,AUTOMOBILE,STREET,FALSE,FALSE,1211,12,26,24,7,,,2016,02/18/2018 03:47:38 PM,,,
11233337,JB154357,05-01-2017 17:00,047XX N MALDEN ST,281,CRIM SEXUAL ASSAULT,NON-AGGRAVATED,RESIDENCE,FALSE,FALSE,1913,19,46,3,2,,,2017,02/18/2018 03:47:38 PM,,,
11233253,JB155577,10-01-2017 18:00,012XX S KEDVALE AVE,910,MOTOR VEHICLE THEFT,AUTOMOBILE,VACANT LOT/LAND,FALSE,FALSE,1011,10,24,29,7,,,2017,02/18/2018 03:47:38 PM,,,
10000573,HY190292,03/17/2015 11:00:00 AM,018XX N HUDSON AVE,820,THEFT,$500 AND UNDER,STREET,FALSE,FALSE,1813,18,43,7,6,1172976,1912460,2015,02-10-2018 15:50,41.91522286,-87.63993122,"(41.915222862, -87.639931215)"
11233154,JB155334,08-08-2015 12:00,050XX W 55TH ST,910,MOTOR VEHICLE THEFT,AUTOMOBILE,PARKING LOT/GARAGE(NON.RESID.),FALSE,FALSE,814,8,23,56,7,,,2015,02/18/2018 03:47:38 PM,,,
11233094,JB155324,12-05-2017 09:00,017XX N LOCKWOOD AVE,2820,OTHER OFFENSE,TELEPHONE THREAT,RESIDENCE,FALSE,TRUE,2532,25,37,25,26,,,2017,02/18/2018 03:47:38 PM,,,
11233432,JB155473,06/16/2016 11:40:00 AM,080XX S EBERHART AVE,1153,DECEPTIVE PRACTICE,FINANCIAL IDENTITY THEFT OVER $ 300,APARTMENT,FALSE,FALSE,631,6,6,44,11,,,2016,02/18/2018 03:47:38 PM,,,
11233455,JB155579,12-10-2017 14:00,049XX S PULASKI RD,5002,OTHER OFFENSE,OTHER VEHICLE OFFENSE,SIDEWALK,FALSE,FALSE,815,8,14,57,26,,,2017,02/18/2018 03:47:38 PM,,,
1930689,HH109118,01-05-2002 21:24,007XX E 103 ST,820,THEFT,$500 AND UNDER,GAS STATION,TRUE,FALSE,512,5,,,6,,,2002,02-04-2016 06:33,,,
10238175,HY425732,09/16/2015 09:00:00 AM,016XX N VINE ST,820,THEFT,$500 AND UNDER,APARTMENT,FALSE,FALSE,1813,18,43,7,6,1171771,1911295,2015,02-10-2018 15:50,41.91205269,-87.6443926,"(41.912052691, -87.644392601)"
11233198,JB155475,05/14/2017 12:00:00 AM,077XX S RHODES AVE,610,BURGLARY,FORCIBLE ENTRY,RESIDENCE,FALSE,FALSE,624,6,6,69,5,,,2017,02/18/2018 03:47:38 PM,,,
10238251,HY425744,09/15/2015 06:00:00 PM,059XX N GLENWOOD AVE,820,THEFT,$500 AND UNDER,"SCHOOL, PUBLIC, BUILDING",FALSE,FALSE,2013,20,48,77,6,1165910,1939379,2015,02-10-2018 15:50,41.98924362,-87.66511973,"(41.989243623, -87.665119726)"
11038135,JA372338,11/16/2013 12:00:00 AM,007XX E 103RD PL,1153,DECEPTIVE PRACTICE,FINANCIAL IDENTITY THEFT OVER $ 300,OTHER,FALSE,FALSE,512,5,9,50,11,,,2013,08-02-2017 15:54,,,
11038365,JA372577,06/17/2009 09:00:00 AM,007XX W 118TH ST,1153,DECEPTIVE PRACTICE,FINANCIAL IDENTITY THEFT OVER $ 300,RESIDENCE,FALSE,FALSE,524,5,34,53,11,,,2009,08-02-2017 15:54,,,
11038613,JA371551,06-01-2014 09:00,051XX N KEATING AVE,1156,DECEPTIVE PRACTICE,ATTEMPT - FINANCIAL IDENTITY THEFT,APARTMENT,FALSE,FALSE,1712,17,39,14,11,,,2014,08-02-2017 15:54,,,
11038630,HZ570211,01-01-2015 00:01,114XX S EMERALD AVE,1752,OFFENSE INVOLVING CHILDREN,AGG CRIM SEX ABUSE FAM MEMBER,RESIDENCE,FALSE,FALSE,2233,22,34,49,20,,,2015,08-02-2017 15:54,,,
11038667,JA372875,01-01-2015 09:00,025XX W TOUHY AVE,1154,DECEPTIVE PRACTICE,FINANCIAL IDENTITY THEFT $300 AND UNDER,APARTMENT,FALSE,FALSE,2411,24,50,2,11,,,2015,08-02-2017 15:54,,,
11038676,JA372963,09-01-2014 09:00,068XX S WINCHESTER AVE,1153,DECEPTIVE PRACTICE,FINANCIAL IDENTITY THEFT OVER $ 300,OTHER,FALSE,FALSE,726,7,17,67,11,,,2014,08-02-2017 15:54,,,
11039122,JA371416,01-01-2015 00:01,026XX W WARREN BLVD,1752,OFFENSE INVOLVING CHILDREN,AGG CRIM SEX ABUSE FAM MEMBER,RESIDENCE,FALSE,FALSE,1222,12,2,27,20,,,2015,08-02-2017 15:54,,,
11039125,JA371523,01-01-2015 00:01,023XX S OAKLEY AVE,1562,SEX OFFENSE,AGG CRIMINAL SEXUAL ABUSE,RESIDENCE,FALSE,FALSE,1034,10,25,31,17,,,2015,08-02-2017 15:54,,,
11039128,JA371681,08-01-2015 00:01,039XX N LAWNDALE AVE,1780,OFFENSE INVOLVING CHILDREN,OTHER OFFENSE,"SCHOOL, PUBLIC, BUILDING",FALSE,FALSE,1732,17,39,16,20,,,2015,08-02-2017 15:54,,,
11039140,JA371686,01-01-2010 00:00,055XX W FARRAGUT AVE,1753,OFFENSE INVOLVING CHILDREN,SEX ASSLT OF CHILD BY FAM MBR,RESIDENCE,FALSE,FALSE,1623,16,45,11,2,,,2010,08-02-2017 15:54,,,
11039142,JA371468,01-01-2015 00:01,041XX S ALBANY AVE,1752,OFFENSE INVOLVING CHILDREN,AGG CRIM SEX ABUSE FAM MEMBER,RESIDENCE,FALSE,FALSE,921,9,14,58,20,,,2015,08-02-2017 15:54,,,
11039143,JA371714,11-01-2015 00:01,011XX N KOSTNER AVE,1585,SEX OFFENSE,OTHER,RESIDENCE,FALSE,FALSE,1111,11,37,23,17,,,2015,08-02-2017 15:54,,,
11039147,JA373121,01-01-2015 00:01,020XX N LONG AVE,1562,SEX OFFENSE,AGG CRIMINAL SEXUAL ABUSE,RESIDENCE,FALSE,FALSE,2515,25,37,19,17,,,2015,08-02-2017 15:54,,,
11039239,JA373435,04/14/2014 12:01:00 AM,031XX N SPRINGFIELD AVE,281,CRIM SEXUAL ASSAULT,NON-AGGRAVATED,APARTMENT,FALSE,FALSE,2523,25,31,21,2,,,2014,08-02-2017 15:54,,,
10238336,HY426064,09/15/2015 06:00:00 PM,048XX S THROOP ST,890,THEFT,FROM BUILDING,RESIDENCE,FALSE,FALSE,933,9,20,61,6,1168479,1872627,2015,02-10-2018 15:50,41.80601636,-87.6576044,"(41.806016361, -87.657604399)"
11039144,JA371577,01-01-2016 00:01,080XX S MARQUETTE AVE,1754,OFFENSE INVOLVING CHILDREN,AGG SEX ASSLT OF CHILD FAM MBR,RESIDENCE,FALSE,TRUE,422,4,7,46,2,,,2016,08-05-2017 15:48,,,
9648188,HX215795,04-08-2014 14:47,050XX W LAWRENCE AVE,1811,NARCOTICS,POSS: CANNABIS 30GMS OR LESS,RESIDENCE,TRUE,FALSE,1623,16,45,11,18,,,2014,08-05-2017 15:48,,,
11039129,JA371623,01-01-2014 00:01,049XX W POTOMAC AVE,1752,OFFENSE INVOLVING CHILDREN,AGG CRIM SEX ABUSE FAM MEMBER,RESIDENCE,FALSE,TRUE,2533,25,37,25,20,,,2014,08-09-2017 15:49,,,
11039131,JA371830,12-04-2015 00:01,008XX N ST LOUIS AVE,486,BATTERY,DOMESTIC BATTERY SIMPLE,RESIDENCE,FALSE,FALSE,1121,11,27,23,08B,,,2015,08-09-2017 15:49,,,
11039145,JA372904,01-01-2015 00:01,071XX S FRANCISCO AVE,1754,OFFENSE INVOLVING CHILDREN,AGG SEX ASSLT OF CHILD FAM MBR,RESIDENCE,FALSE,TRUE,831,8,18,66,2,,,2015,01/16/2018 04:00:46 PM,,,
10238430,HY425918,09/15/2015 11:00:00 PM,015XX N KEDZIE AVE,281,CRIM SEXUAL ASSAULT,NON-AGGRAVATED,RESIDENCE,FALSE,FALSE,1422,14,26,23,2,1154748,1909875,2015,02-10-2018 15:50,41.90851427,-87.70696837,"(41.908514273, -87.706968373)"
11233444,JB155469,05/15/2017 11:30:00 AM,080XX S EBERHART AVE,1154,DECEPTIVE PRACTICE,FINANCIAL IDENTITY THEFT $300 AND UNDER,,FALSE,FALSE,631,6,6,44,11,,,2017,02/18/2018 03:47:38 PM,,,
11046469,JA381558,08-06-2017 04:00,022XX S DR MARTIN LUTHER KING JR DR,890,THEFT,FROM BUILDING,HOTEL/MOTEL,FALSE,FALSE,132,1,2,33,6,,,2017,08/25/2017 03:48:04 PM,,,
10238434,HY426228,08/25/2015 01:15:00 PM,061XX N HOYNE AVE,810,THEFT,OVER $500,APARTMENT,FALSE,FALSE,2413,24,40,2,6,1161209,1940913,2015,09/24/2015 07:47:58 PM,41.99355232,-87.68236779,"(41.99355232, -87.682367785)"
11652168,JC220540,07-05-2017 10:00,034XX W PETERSON AVE,1150,DECEPTIVE PRACTICE,CREDIT CARD FRAUD,DEPARTMENT STORE,FALSE,FALSE,1711,17,39,13,11,,,2017,04-12-2019 16:08,,,
11048968,JA384014,08-06-2017 14:45,026XX N WAYNE AVE,810,THEFT,OVER $500,RESIDENCE,FALSE,FALSE,1932,19,32,7,6,,,2017,08/13/2017 03:52:59 PM,,,
11051926,JA387924,01-01-2014 00:01,070XX S LAFLIN ST,281,CRIM SEXUAL ASSAULT,NON-AGGRAVATED,RESIDENCE,FALSE,TRUE,734,7,17,67,2,,,2014,03/14/2019 03:58:00 PM,,,
11652070,JC220788,06-11-2014 12:00,057XX S PRAIRIE AVE,1153,DECEPTIVE PRACTICE,FINANCIAL IDENTITY THEFT OVER $ 300,RESIDENCE,FALSE,FALSE,232,2,20,40,11,,,2014,04-12-2019 16:08,,,
11652679,JC221372,03/15/2017 12:00:00 AM,007XX S KEDZIE AVE,1153,DECEPTIVE PRACTICE,FINANCIAL IDENTITY THEFT OVER $ 300,OTHER,FALSE,FALSE,1134,11,24,27,11,,,2017,04-12-2019 16:08,,,
11051923,JA388006,08/25/2015 12:01:00 AM,014XX N LAVERGNE AVE,1752,OFFENSE INVOLVING CHILDREN,AGG CRIM SEX ABUSE FAM MEMBER,RESIDENCE,FALSE,FALSE,2533,25,37,25,20,,,2015,08/13/2017 03:52:59 PM,,,
11051925,JA387941,01-01-2012 00:01,052XX N SHERIDAN RD,1754,OFFENSE INVOLVING CHILDREN,AGG SEX ASSLT OF CHILD FAM MBR,RESIDENCE,FALSE,FALSE,2023,20,48,77,2,,,2012,08/13/2017 03:52:59 PM,,,
11051950,JA388053,06/15/2015 12:01:00 AM,053XX W CONGRESS PKWY,1752,OFFENSE INVOLVING CHILDREN,AGG CRIM SEX ABUSE FAM MEMBER,RESIDENCE,FALSE,FALSE,1522,15,29,25,20,,,2015,08/13/2017 03:52:59 PM,,,
11051933,JA388030,09-02-2015 00:01,055XX W GLADYS AVE,1590,SEX OFFENSE,ATT AGG CRIMINAL SEXUAL ABUSE,RESIDENCE,FALSE,FALSE,1522,15,29,25,17,,,2015,08/22/2017 03:53:44 PM,,,
11652549,JC220440,01-01-2017 00:01,048XX N MILWAUKEE AVE,1154,DECEPTIVE PRACTICE,FINANCIAL IDENTITY THEFT $300 AND UNDER,WAREHOUSE,FALSE,FALSE,1623,16,45,11,11,,,2017,04-12-2019 16:08,,,
11052294,JA387470,08-04-2017 09:00,0000X E OAK ST,1154,DECEPTIVE PRACTICE,FINANCIAL IDENTITY THEFT $300 AND UNDER,,FALSE,FALSE,1824,18,42,8,11,,,2017,08/13/2017 03:52:59 PM,,,
11052313,JA387525,08-06-2017 01:00,0000X W ILLINOIS ST,890,THEFT,FROM BUILDING,BAR OR TAVERN,FALSE,FALSE,1831,18,42,8,6,,,2017,08/13/2017 03:52:59 PM,,,
11651748,JC220270,11/26/2018 05:00:00 PM,025XX W ARMITAGE AVE,610,BURGLARY,FORCIBLE ENTRY,CONSTRUCTION SITE,FALSE,FALSE,1431,14,1,22,5,,,2018,04-12-2019 16:08,,,
10238667,HY426481,09/16/2015 10:00:00 PM,061XX N HOYNE AVE,479,BATTERY,AGG: HANDS/FIST/FEET SERIOUS INJURY,RESIDENTIAL YARD (FRONT/BACK),TRUE,FALSE,2413,24,40,2,04B,1161209,1940913,2015,02-10-2018 15:50,41.99355232,-87.68236779,"(41.99355232, -87.682367785)"
11651974,JC220423,09/22/2017 09:00:00 AM,088XX S PRINCETON AVE,1110,DECEPTIVE PRACTICE,BOGUS CHECK,RESIDENCE,FALSE,FALSE,634,6,21,49,11,,,2017,04-12-2019 16:08,,,
10238686,HY425490,09/15/2015 04:05:00 PM,059XX N GLENWOOD AVE,1350,CRIMINAL TRESPASS,TO STATE SUP LAND,"SCHOOL, PUBLIC, GROUNDS",FALSE,FALSE,2013,20,48,77,26,1165910,1939379,2015,02-10-2018 15:50,41.98924362,-87.66511973,"(41.989243623, -87.665119726)"
11652252,JC220506,02-11-2012 07:25,062XX S EVANS AVE,1153,DECEPTIVE PRACTICE,FINANCIAL IDENTITY THEFT OVER $ 300,,FALSE,FALSE,313,3,20,42,11,,,2012,04-12-2019 16:08,,,
11652020,JC220293,06/20/2018 12:00:00 AM,010XX E 87TH ST,810,THEFT,OVER $500,OTHER,FALSE,FALSE,412,4,8,44,6,,,2018,04-12-2019 16:08,,,
11033232,JA365831,07/27/2017 02:00:00 PM,027XX W ESTES AVE,820,THEFT,$500 AND UNDER,VEHICLE NON-COMMERCIAL,FALSE,FALSE,2411,24,50,2,6,,,2017,08-03-2017 15:52,,,
11647199,JC213690,04-05-2019 09:35,023XX N LISTER AVE,1320,CRIMINAL DAMAGE,TO VEHICLE,STREET,FALSE,FALSE,1432,14,32,22,14,,,2019,04-12-2019 16:08,,,
11652237,JC220634,03/13/2013 02:25:00 PM,063XX S DR MARTIN LUTHER KING JR DR,1153,DECEPTIVE PRACTICE,FINANCIAL IDENTITY THEFT OVER $ 300,,FALSE,FALSE,312,3,20,69,11,,,2013,04-12-2019 16:08,,,
11651937,JC220566,11/15/2018 12:00:00 AM,047XX W CHICAGO AVE,1153,DECEPTIVE PRACTICE,FINANCIAL IDENTITY THEFT OVER $ 300,OTHER,FALSE,FALSE,1111,11,28,25,11,,,2018,04-12-2019 16:08,,,
11480964,JB378292,08-03-2018 23:19,067XX S EAST END AVE,2015,NARCOTICS,MANU/DELIVER: HALLUCINOGEN,APARTMENT,TRUE,FALSE,332,3,5,43,18,,,2018,04/13/2019 03:55:48 PM,,,
10239067,HY426609,09/17/2015 07:45:00 AM,031XX N AUSTIN AVE,420,BATTERY,AGGRAVATED:KNIFE/CUTTING INSTR,STREET,FALSE,FALSE,2511,25,36,19,04B,1135845,1920130,2015,02-10-2018 15:50,41.93701296,-87.7761649,"(41.937012964, -87.776164901)"
11046181,JA381358,08-07-2017 13:00,035XX S DAN RYAN EXPY OB,486,BATTERY,DOMESTIC BATTERY SIMPLE,RESIDENCE,FALSE,TRUE,915,9,3,34,08B,,,2017,08/14/2017 04:00:25 PM,,,
11652707,JC221396,04-04-2013 16:00,029XX W 65TH ST,1153,DECEPTIVE PRACTICE,FINANCIAL IDENTITY THEFT OVER $ 300,APARTMENT,FALSE,FALSE,823,8,17,66,11,,,2013,04-12-2019 16:08,,,
11652597,JC221266,07-11-2018 15:00,014XX S SAWYER AVE,1153,DECEPTIVE PRACTICE,FINANCIAL IDENTITY THEFT OVER $ 300,OTHER,FALSE,FALSE,1022,10,24,29,11,,,2018,04-12-2019 16:08,,,
11652084,JC220596,12/20/2018 12:00:00 PM,034XX S GILES AVE,1155,DECEPTIVE PRACTICE,AGGRAVATED FINANCIAL IDENTITY THEFT,RESIDENCE,FALSE,FALSE,211,2,4,35,11,,,2018,04-12-2019 16:08,,,
10239197,HY426823,09/17/2015 09:00:00 AM,055XX S ASHLAND AVE,520,ASSAULT,AGGRAVATED:KNIFE/CUTTING INSTR,SIDEWALK,FALSE,FALSE,715,7,15,67,04A,1166617,1867978,2015,02-10-2018 15:50,41.79329893,-87.66456619,"(41.79329893, -87.66456619)"
10239218,HY420088,09-12-2015 04:20,0000X W CHECKPOINT 7 ST,5007,OTHER OFFENSE,OTHER WEAPONS VIOLATION,AIRPORT TERMINAL UPPER LEVEL - SECURE AREA,FALSE,FALSE,1653,16,41,76,26,1101708,1934306,2015,02-10-2018 15:50,41.97645432,-87.90136461,"(41.976454319, -87.901364605)"
10239333,HY426945,09/17/2015 12:08:00 PM,066XX S ST LAWRENCE AVE,1320,CRIMINAL DAMAGE,TO VEHICLE,RESIDENTIAL YARD (FRONT/BACK),TRUE,FALSE,321,3,20,42,14,1181377,1861028,2015,02-10-2018 15:50,41.77389965,-87.61065725,"(41.773899649, -87.610657246)"
11234204,JB153531,11-01-2017 00:01,038XX W 61ST PL,1753,OFFENSE INVOLVING CHILDREN,SEX ASSLT OF CHILD BY FAM MBR,RESIDENCE,TRUE,FALSE,823,8,13,65,2,,,2017,05/28/2018 03:46:35 PM,,,
11232733,JB154852,02-09-2018 07:55,002XX W WASHINGTON ST,810,THEFT,OVER $500,COMMERCIAL / BUSINESS OFFICE,FALSE,FALSE,122,1,42,32,6,,,2018,02/19/2018 03:53:22 PM,,,
11233181,JB155401,10-04-2017 00:01,006XX N WALLER AVE,1152,DECEPTIVE PRACTICE,ILLEGAL USE CASH CARD,RESIDENCE,FALSE,FALSE,1511,15,29,25,11,,,2017,02/19/2018 03:53:22 PM,,,
11652481,JC219231,09-01-2018 00:01,007XX N MENARD AVE,1750,OFFENSE INVOLVING CHILDREN,CHILD ABUSE,RESIDENCE,FALSE,FALSE,1511,15,29,25,08B,,,2018,04-12-2019 16:08,,,
11231791,JB152973,02-12-2018 15:10,067XX S SOUTH SHORE DR,810,THEFT,OVER $500,RESIDENCE,FALSE,FALSE,331,3,5,43,6,,,2018,02/19/2018 03:55:38 PM,,,
10239454,HY427134,09/17/2015 01:00:00 PM,063XX W WARWICK AVE,1310,CRIMINAL DAMAGE,TO PROPERTY,RESIDENCE-GARAGE,FALSE,FALSE,1633,16,38,17,14,1133413,1924266,2015,02-10-2018 15:50,41.94840563,-87.78500578,"(41.948405628, -87.785005779)"
11651946,JC220424,11/20/2018 12:00:00 PM,021XX N MOBILE AVE,610,BURGLARY,FORCIBLE ENTRY,OTHER,FALSE,FALSE,2512,25,36,19,5,,,2018,04-12-2019 16:08,,,
11652645,JC220096,11/16/2016 12:01:00 AM,101XX S MORGAN ST,1154,DECEPTIVE PRACTICE,FINANCIAL IDENTITY THEFT $300 AND UNDER,OTHER,FALSE,FALSE,2232,22,34,73,11,,,2016,04-12-2019 16:08,,,
11652091,JC220686,11/24/2018 07:44:00 PM,074XX S KIMBARK AVE,2826,OTHER OFFENSE,HARASSMENT BY ELECTRONIC MEANS,RESIDENCE,FALSE,TRUE,324,3,8,43,26,,,2018,04-12-2019 16:08,,,
11234165,JB156538,01-01-2014 14:00,017XX N KEDZIE AVE,1153,DECEPTIVE PRACTICE,FINANCIAL IDENTITY THEFT OVER $ 300,,FALSE,FALSE,1421,14,26,23,11,,,2014,02/19/2018 03:55:38 PM,,,
11648809,JC216002,04-05-2019 19:30,105XX S EGGLESTON AVE,2820,OTHER OFFENSE,TELEPHONE THREAT,OTHER,FALSE,FALSE,2233,22,34,49,08A,,,2019,04-12-2019 16:08,,,
11233971,JB156694,11/28/2017 12:10:00 PM,0000X E SCOTT ST,560,ASSAULT,SIMPLE,RESIDENCE,FALSE,FALSE,1824,18,43,8,08A,,,2017,02/19/2018 03:55:38 PM,,,
11652082,JC220646,12/22/2018 11:15:00 PM,102XX S CALIFORNIA AVE,486,BATTERY,DOMESTIC BATTERY SIMPLE,RESIDENCE,FALSE,TRUE,2211,22,19,72,08B,,,2018,04-12-2019 16:08,,,
11039565,JA373932,07/15/2015 09:00:00 AM,017XX W 101ST ST,1153,DECEPTIVE PRACTICE,FINANCIAL IDENTITY THEFT OVER $ 300,RESIDENCE,FALSE,FALSE,2213,22,19,72,11,,,2015,08-03-2017 15:52,,,
11039570,JA373971,01-01-2015 00:01,044XX N KIMBALL AVE,1153,DECEPTIVE PRACTICE,FINANCIAL IDENTITY THEFT OVER $ 300,RESIDENCE,FALSE,FALSE,1723,17,33,14,11,,,2015,08-03-2017 15:52,,,
11039580,JA373910,07/17/2015 10:30:00 PM,061XX W DAKIN ST,281,CRIM SEXUAL ASSAULT,NON-AGGRAVATED,RESIDENCE,FALSE,FALSE,1633,16,38,17,2,,,2015,08-03-2017 15:52,,,
11234225,JB134522,11/20/2017 06:09:00 PM,060XX S FRANCISCO AVE,1752,OFFENSE INVOLVING CHILDREN,AGG CRIM SEX ABUSE FAM MEMBER,RESIDENCE,FALSE,TRUE,823,8,15,66,20,,,2017,08-02-2018 15:50,,,
11234205,JB153433,01-01-2017 00:01,010XX N DRAKE AVE,1751,OFFENSE INVOLVING CHILDREN,CRIM SEX ABUSE BY FAM MEMBER,RESIDENCE,FALSE,FALSE,1121,11,27,23,20,,,2017,02/19/2018 03:55:38 PM,,,
11652234,JC220522,11-01-2015 10:00,021XX W JACKSON BLVD,1153,DECEPTIVE PRACTICE,FINANCIAL IDENTITY THEFT OVER $ 300,,FALSE,FALSE,1225,12,27,28,11,,,2015,04-12-2019 16:08,,,
11040129,JA374069,06-02-2014 11:00,053XX W WARNER AVE,1153,DECEPTIVE PRACTICE,FINANCIAL IDENTITY THEFT OVER $ 300,,FALSE,FALSE,1624,16,38,15,11,,,2014,08-03-2017 15:52,,,
11233989,JB156575,03-01-2016 00:00,016XX S MICHIGAN AVE,2825,OTHER OFFENSE,HARASSMENT BY TELEPHONE,APARTMENT,FALSE,FALSE,131,1,2,33,26,,,2016,02/19/2018 03:55:38 PM,,,
11234161,JB156598,01-11-2010 18:20,057XX S BISHOP ST,1153,DECEPTIVE PRACTICE,FINANCIAL IDENTITY THEFT OVER $ 300,,FALSE,FALSE,713,7,16,67,11,,,2010,02/19/2018 03:55:38 PM,,,
10239730,HY427508,09/17/2015 07:10:00 PM,017XX N MERRIMAC AVE,910,MOTOR VEHICLE THEFT,AUTOMOBILE,STREET,FALSE,FALSE,2513,25,29,25,7,1134460,1910973,2015,02-10-2018 15:50,41.91190967,-87.78147165,"(41.911909673, -87.781471652)"
11651973,JC220579,09/14/2018 04:00:00 PM,006XX S LAFLIN ST,1154,DECEPTIVE PRACTICE,FINANCIAL IDENTITY THEFT $300 AND UNDER,APARTMENT,FALSE,FALSE,1231,12,28,28,11,,,2018,04-12-2019 16:08,,,
11234034,JB156576,06/24/2017 09:00:00 AM,048XX N AUSTIN AVE,1110,DECEPTIVE PRACTICE,BOGUS CHECK,OTHER,FALSE,FALSE,1622,16,45,11,11,,,2017,02/19/2018 03:55:38 PM,,,
11234221,JB153273,09-06-2016 00:01,083XX S KENTON AVE,1753,OFFENSE INVOLVING CHILDREN,SEX ASSLT OF CHILD BY FAM MBR,RESIDENCE,FALSE,TRUE,834,8,18,70,2,,,2016,11-07-2018 16:13,,,
11231801,JB153005,02-12-2018 18:35,035XX N GREENVIEW AVE,1360,CRIMINAL TRESPASS,TO VEHICLE,STREET,FALSE,FALSE,1922,19,44,6,26,,,2018,02/19/2018 03:55:38 PM,,,
10239963,HY427787,09/17/2015 10:23:00 PM,010XX W 48TH ST,2021,NARCOTICS,POSS: BARBITUATES,RESIDENCE,TRUE,FALSE,933,9,3,61,18,1170141,1872982,2015,02-10-2018 15:50,41.8069545,-87.65149848,"(41.8069545, -87.651498476)"
10239964,HY427789,09/17/2015 10:23:00 PM,010XX W 48TH ST,2021,NARCOTICS,POSS: BARBITUATES,RESIDENCE,TRUE,FALSE,933,9,3,61,18,1170141,1872982,2015,02-10-2018 15:50,41.8069545,-87.65149848,"(41.8069545, -87.651498476)"
11234041,JB156629,05/23/2016 09:00:00 AM,048XX N AUSTIN AVE,1110,DECEPTIVE PRACTICE,BOGUS CHECK,OTHER,FALSE,FALSE,1622,16,45,11,11,,,2016,02/19/2018 03:55:38 PM,,,
10239986,HY427790,09/17/2015 10:23:00 PM,010XX W 48TH ST,1811,NARCOTICS,POSS: CANNABIS 30GMS OR LESS,APARTMENT,TRUE,FALSE,933,9,3,61,18,1170141,1872982,2015,02-10-2018 15:50,41.8069545,-87.65149848,"(41.8069545, -87.651498476)"
11233947,JB156670,04-01-2017 09:00,042XX W ROOSEVELT RD,2825,OTHER OFFENSE,HARASSMENT BY TELEPHONE,CHURCH/SYNAGOGUE/PLACE OF WORSHIP,FALSE,FALSE,1132,11,24,29,26,,,2017,02/19/2018 03:55:38 PM,,,
11228759,JB149327,09/15/2017 12:00:00 AM,102XX S EGGLESTON AVE,4651,OTHER OFFENSE,SEX OFFENDER: FAIL REG NEW ADD,RESIDENCE,FALSE,FALSE,2232,22,9,73,26,,,2017,02/20/2018 04:02:31 PM,,,
10240443,HY428114,09/18/2015 03:30:00 AM,009XX W 111TH ST,910,MOTOR VEHICLE THEFT,AUTOMOBILE,STREET,FALSE,FALSE,2234,22,34,75,7,1172126,1831224,2015,02-10-2018 15:50,41.69232168,-87.6454426,"(41.692321682, -87.645442595)"
10240725,HY428339,09/17/2015 01:00:00 PM,029XX W MORSE AVE,890,THEFT,FROM BUILDING,RESIDENCE,FALSE,FALSE,2411,24,50,2,6,1155500,1945618,2015,02-10-2018 15:50,42.0065802,-87.70324044,"(42.006580203, -87.70324044)"
10240840,HY428407,09/18/2015 01:40:00 PM,0000X W LAKE ST,870,THEFT,POCKET-PICKING,CTA TRAIN,FALSE,FALSE,111,1,42,32,6,1176222,1901746,2015,02-10-2018 15:50,41.8857505,-87.62832936,"(41.8857505, -87.628329355)"
10240885,HY428359,09/18/2015 01:15:00 PM,043XX W 26TH ST,1305,CRIMINAL DAMAGE,CRIMINAL DEFACEMENT,PARK PROPERTY,TRUE,FALSE,1031,10,22,30,14,1147866,1886365,2015,02-10-2018 15:50,41.84413522,-87.73285389,"(41.844135216, -87.73285389)"
10240969,HY428398,09/18/2015 01:50:00 PM,034XX W CARMEN AVE,650,BURGLARY,HOME INVASION,RESIDENCE,FALSE,FALSE,1712,17,39,13,5,1152314,1933194,2015,02-10-2018 15:50,41.97255183,-87.71529213,"(41.97255183, -87.715292134)"
10241003,HY428630,09/18/2015 12:30:00 AM,010XX W 48TH ST,620,BURGLARY,UNLAWFUL ENTRY,APARTMENT,FALSE,FALSE,933,9,3,61,5,1170141,1872982,2015,02-10-2018 15:50,41.8069545,-87.65149848,"(41.8069545, -87.651498476)"
11653191,JC221853,06-01-2018 00:00,072XX S KEDZIE AVE,1752,OFFENSE INVOLVING CHILDREN,AGG CRIM SEX ABUSE FAM MEMBER,RESIDENCE,FALSE,TRUE,831,8,17,66,17,,,2018,07/26/2019 04:01:58 PM,,,
11235355,JB157372,12/28/2017 05:55:00 AM,005XX W OHARE ST,1206,DECEPTIVE PRACTICE,"THEFT BY LESSEE,MOTOR VEH",AIRPORT VENDING ESTABLISHMENT,FALSE,FALSE,1654,16,41,76,11,,,2017,02/20/2018 04:02:31 PM,,,
11450041,JB330626,07-01-2018 13:00,0000X S PULASKI RD,2011,NARCOTICS,MANU/DELIVER:BARBITUATES,PARKING LOT/GARAGE(NON.RESID.),TRUE,FALSE,1115,11,28,26,18,,,2018,04/13/2019 03:55:48 PM,,,
11476904,JB388662,08-11-2018 08:40,037XX W ROOSEVELT RD,2014,NARCOTICS,MANU/DELIVER: HEROIN (WHITE),SIDEWALK,TRUE,FALSE,1011,10,24,29,18,,,2018,04/13/2019 03:55:48 PM,,,
11477140,JB385293,08-08-2018 19:18,033XX W CHICAGO AVE,2014,NARCOTICS,MANU/DELIVER: HEROIN (WHITE),VEHICLE NON-COMMERCIAL,TRUE,FALSE,1121,11,27,23,18,,,2018,04/13/2019 03:55:48 PM,,,
11480229,JB390044,08-12-2018 09:43,016XX S HOMAN AVE,1821,NARCOTICS,MANU/DEL:CANNABIS 10GM OR LESS,SIDEWALK,TRUE,FALSE,1021,10,24,29,18,,,2018,04/13/2019 03:55:48 PM,,,
11480972,JB388727,08-11-2018 10:14,008XX S KARLOV AVE,2014,NARCOTICS,MANU/DELIVER: HEROIN (WHITE),STREET,TRUE,FALSE,1132,11,24,26,18,,,2018,04/13/2019 03:55:48 PM,,,
11481215,JB389995,08-12-2018 09:38,079XX S DR MARTIN LUTHER KING JR DR,2015,NARCOTICS,MANU/DELIVER: HALLUCINOGEN,VEHICLE NON-COMMERCIAL,TRUE,FALSE,623,6,6,44,18,,,2018,04/13/2019 03:55:48 PM,,,
11652307,JC220962,12-01-2018 08:00,072XX S OAKLEY AVE,1751,OFFENSE INVOLVING CHILDREN,CRIM SEX ABUSE BY FAM MEMBER,RESIDENCE,FALSE,TRUE,832,8,18,66,17,,,2018,04/13/2019 03:55:48 PM,,,
10241314,HY429055,09/18/2015 07:30:00 PM,054XX S WENTWORTH AVE,890,THEFT,FROM BUILDING,DRUG STORE,FALSE,FALSE,225,2,3,37,6,1175887,1869033,2015,09/30/2015 03:35:37 PM,41.79599104,-87.63054249,"(41.795991039, -87.630542489)"
11647163,JC212796,02-01-2006 00:00,051XX S MAY ST,1153,DECEPTIVE PRACTICE,FINANCIAL IDENTITY THEFT OVER $ 300,RESIDENCE,FALSE,FALSE,934,9,20,61,11,,,2006,04/13/2019 04:01:56 PM,,,
11653065,JC221161,01/18/2016 12:01:00 AM,004XX W EVERGREEN AVE,1153,DECEPTIVE PRACTICE,FINANCIAL IDENTITY THEFT OVER $ 300,OTHER,FALSE,FALSE,1821,18,27,8,11,,,2016,04/13/2019 04:01:56 PM,,,
10241379,HY429170,09/18/2015 11:06:00 PM,027XX N CENTRAL PARK AVE,1811,NARCOTICS,POSS: CANNABIS 30GMS OR LESS,STREET,TRUE,FALSE,1412,14,35,22,18,1151912,1918025,2015,02-10-2018 15:50,41.93093495,-87.7171714,"(41.930934945, -87.717171395)"
11653038,JC221809,10-01-2018 06:00,011XX W CERMAK RD,1310,CRIMINAL DAMAGE,TO PROPERTY,OTHER,FALSE,FALSE,1235,12,25,31,14,,,2018,04/13/2019 04:01:56 PM,,,
11234919,JB157954,08/22/2016 10:00:00 AM,037XX W 81ST ST,1154,DECEPTIVE PRACTICE,FINANCIAL IDENTITY THEFT $300 AND UNDER,RESIDENCE,FALSE,FALSE,834,8,18,70,11,,,2016,02/20/2018 04:02:31 PM,,,
10241450,HY429288,09/19/2015 04:30:00 AM,066XX S ALBANY AVE,486,BATTERY,DOMESTIC BATTERY SIMPLE,APARTMENT,FALSE,TRUE,831,8,15,66,08B,1156860,1860496,2015,02-10-2018 15:50,41.77296995,-87.70054632,"(41.772969954, -87.700546316)"
10241487,HY429336,09/18/2015 10:00:00 PM,015XX N PAULINA ST,620,BURGLARY,UNLAWFUL ENTRY,RESIDENCE-GARAGE,FALSE,FALSE,1433,14,1,24,5,1164776,1910509,2015,02-10-2018 15:50,41.91004716,-87.67011244,"(41.91004716, -87.670112438)"
10241521,HY429362,09/15/2015 12:00:00 PM,030XX E 91ST ST,890,THEFT,FROM BUILDING,OTHER,FALSE,FALSE,424,4,10,46,6,1198215,1845212,2015,02-10-2018 15:50,41.73009459,-87.54946199,"(41.730094592, -87.549461987)"
11234996,JB157224,02/13/2018 02:30:00 PM,121XX S INDIANA AVE,820,THEFT,$500 AND UNDER,RESIDENCE,FALSE,FALSE,532,5,9,53,6,,,2018,02/20/2018 04:02:31 PM,,,
11653305,JC222322,04-12-2016 19:00,023XX W FULLERTON AVE,1153,DECEPTIVE PRACTICE,FINANCIAL IDENTITY THEFT OVER $ 300,,FALSE,FALSE,1432,14,1,22,11,,,2016,04/13/2019 04:01:56 PM,,,
11652728,JC218968,05-02-2018 00:00,003XX N MICHIGAN AVE,1153,DECEPTIVE PRACTICE,FINANCIAL IDENTITY THEFT OVER $ 300,OTHER,FALSE,FALSE,114,1,42,32,11,,,2018,04/13/2019 04:01:56 PM,,,
11652985,JC221681,11/29/2018 01:00:00 PM,046XX N KASSON AVE,051A,ASSAULT,AGGRAVATED: HANDGUN,RESIDENTIAL YARD (FRONT/BACK),FALSE,FALSE,1722,17,39,14,04A,,,2018,04/13/2019 04:01:56 PM,,,
11652755,JC221517,10/22/2018 12:01:00 AM,049XX N KENMORE AVE,1153,DECEPTIVE PRACTICE,FINANCIAL IDENTITY THEFT OVER $ 300,RESIDENCE,FALSE,FALSE,2024,20,48,3,11,,,2018,04/13/2019 04:01:56 PM,,,
10241670,HY429551,09/19/2015 09:53:00 AM,045XX W FIFTH AVE,2023,NARCOTICS,POSS: HEROIN(BRN/TAN),APARTMENT,TRUE,FALSE,1131,11,24,26,18,1146003,1895446,2015,02-10-2018 15:50,41.8690902,-87.73946034,"(41.869090196, -87.739460343)"
11648823,JC216942,12-01-2003 00:00,092XX S PEORIA ST,1153,DECEPTIVE PRACTICE,FINANCIAL IDENTITY THEFT OVER $ 300,RESIDENCE,FALSE,FALSE,2223,22,21,73,11,,,2003,04/13/2019 04:01:56 PM,,,
11652803,JC221576,12-12-2018 17:52,006XX S CLARK ST,1122,DECEPTIVE PRACTICE,COUNTERFEIT CHECK,ATM (AUTOMATIC TELLER MACHINE),FALSE,FALSE,123,1,4,32,10,,,2018,04/13/2019 04:01:56 PM,,,
11234480,JB157308,01/31/2014 12:01:00 AM,0000X E 121ST PL,4651,OTHER OFFENSE,SEX OFFENDER: FAIL REG NEW ADD,RESIDENCE,FALSE,FALSE,532,5,9,53,26,,,2014,02/20/2018 04:02:31 PM,,,
11235300,JB158344,07/15/2017 12:00:00 AM,060XX N RICHMOND ST,4651,OTHER OFFENSE,SEX OFFENDER: FAIL REG NEW ADD,RESIDENCE,TRUE,FALSE,2413,24,50,2,26,,,2017,04/17/2018 03:54:41 PM,,,
11653303,JC221983,07/13/2017 12:37:00 AM,069XX S MAY ST,1153,DECEPTIVE PRACTICE,FINANCIAL IDENTITY THEFT OVER $ 300,,FALSE,FALSE,733,7,6,68,11,,,2017,04/13/2019 04:01:56 PM,,,
11647348,JC215089,01-02-2003 06:00,074XX S LUELLA AVE,1153,DECEPTIVE PRACTICE,FINANCIAL IDENTITY THEFT OVER $ 300,RESIDENCE,FALSE,TRUE,333,3,7,43,11,,,2003,04/13/2019 04:01:56 PM,,,
11232168,JB152901,06/24/2017 12:01:00 AM,064XX S CLAREMONT AVE,4651,OTHER OFFENSE,SEX OFFENDER: FAIL REG NEW ADD,RESIDENCE,FALSE,FALSE,825,8,15,66,26,,,2017,02/20/2018 04:02:31 PM,,,
11653184,JC221949,10/18/2018 02:11:00 PM,049XX W 64TH ST,2826,OTHER OFFENSE,HARASSMENT BY ELECTRONIC MEANS,RESIDENCE,FALSE,FALSE,813,8,13,64,26,,,2018,04/13/2019 04:01:56 PM,,,
10241849,HY429821,09/16/2015 03:00:00 PM,082XX S DORCHESTER AVE,2826,OTHER OFFENSE,HARASSMENT BY ELECTRONIC MEANS,RESIDENCE,FALSE,FALSE,411,4,8,45,26,1186972,1850615,2015,02-10-2018 15:50,41.74519457,-87.590477,"(41.745194568, -87.590477001)"
11653000,JC221803,04-01-2018 00:01,029XX N HALSTED ST,1153,DECEPTIVE PRACTICE,FINANCIAL IDENTITY THEFT OVER $ 300,COMMERCIAL / BUSINESS OFFICE,FALSE,FALSE,1934,19,44,6,11,,,2018,04/13/2019 04:01:56 PM,,,
10241866,HY429738,09/19/2015 07:00:00 AM,128XX S PARNELL AVE,5002,OTHER OFFENSE,OTHER VEHICLE OFFENSE,STREET,FALSE,TRUE,523,5,9,53,26,1174987,1819523,2015,02-10-2018 15:50,41.6601491,-87.63531509,"(41.660149098, -87.635315086)"
11652865,JC221541,11-04-2018 00:01,007XX N SACRAMENTO BLVD,910,MOTOR VEHICLE THEFT,AUTOMOBILE,PARKING LOT/GARAGE(NON.RESID.),FALSE,FALSE,1221,12,27,23,7,,,2018,04/13/2019 04:01:56 PM,,,
11653641,JC222528,04/25/2018 12:00:00 PM,015XX N CLYBOURN AVE,460,BATTERY,SIMPLE,BANK,FALSE,FALSE,1822,18,27,8,08B,,,2018,04/13/2019 04:01:56 PM,,,
11234628,JB157501,12/15/2017 08:13:00 PM,058XX S DORCHESTER AVE,1120,DECEPTIVE PRACTICE,FORGERY,APARTMENT,FALSE,FALSE,235,2,5,41,10,,,2017,02/20/2018 04:02:31 PM,,,
10241880,HY429841,09/18/2015 11:00:00 PM,019XX W 21ST PL,820,THEFT,$500 AND UNDER,STREET,FALSE,FALSE,1234,12,25,31,6,1163869,1889757,2015,02-10-2018 15:50,41.85312115,-87.67403004,"(41.853121148, -87.674030042)"
11234477,JB157306,05/13/2017 12:01:00 AM,070XX S VERNON AVE,4651,OTHER OFFENSE,SEX OFFENDER: FAIL REG NEW ADD,RESIDENCE,FALSE,FALSE,322,3,6,69,26,,,2017,02/20/2018 04:02:31 PM,,,
11234482,JB157309,09-05-2017 00:01,035XX W ROOSEVELT RD,4651,OTHER OFFENSE,SEX OFFENDER: FAIL REG NEW ADD,RESIDENCE,FALSE,FALSE,1021,10,24,29,26,,,2017,02/20/2018 04:02:31 PM,,,
11653263,JC222197,05/27/2018 04:00:00 PM,097XX S MERRION AVE,1153,DECEPTIVE PRACTICE,FINANCIAL IDENTITY THEFT OVER $ 300,RESIDENCE,FALSE,FALSE,431,4,7,51,11,,,2018,04/13/2019 04:01:56 PM,,,
11235008,JB157932,10-01-2016 09:15,040XX W 21ST PL,1153,DECEPTIVE PRACTICE,FINANCIAL IDENTITY THEFT OVER $ 300,,FALSE,FALSE,1012,10,24,29,11,,,2016,02/20/2018 04:02:31 PM,,,
10241902,HY429910,09/19/2015 12:00:00 PM,070XX S NORMAL BLVD,810,THEFT,OVER $500,STREET,FALSE,FALSE,732,7,6,68,6,1174167,1858181,2015,02-10-2018 15:50,41.76625037,-87.63717198,"(41.766250369, -87.637171976)"
11647703,JC214820,04-06-2019 15:40,0000X S LA SALLE ST,820,THEFT,$500 AND UNDER,COMMERCIAL / BUSINESS OFFICE,FALSE,FALSE,122,1,42,32,6,,,2019,04/13/2019 04:01:56 PM,,,
11653355,JC221893,08-01-2018 10:00,090XX S HOUSTON AVE,610,BURGLARY,FORCIBLE ENTRY,APARTMENT,FALSE,FALSE,424,4,10,46,5,,,2018,04/13/2019 04:01:56 PM,,,
11653106,JC222051,11/19/2018 12:00:00 PM,006XX N LONG AVE,1153,DECEPTIVE PRACTICE,FINANCIAL IDENTITY THEFT OVER $ 300,OTHER,FALSE,FALSE,1524,15,37,25,11,,,2018,04/13/2019 04:01:56 PM,,,
11234615,JB157249,11/17/2017 09:00:00 PM,019XX W MADISON ST,810,THEFT,OVER $500,SPORTS ARENA/STADIUM,FALSE,FALSE,1223,12,27,28,6,,,2017,02/20/2018 04:02:31 PM,,,
11234707,JB157625,06/26/2014 12:00:00 AM,068XX S JEFFERY BLVD,1153,DECEPTIVE PRACTICE,FINANCIAL IDENTITY THEFT OVER $ 300,APARTMENT,FALSE,FALSE,332,3,5,43,11,,,2014,02/20/2018 04:02:31 PM,,,
11234698,JB157478,07/18/2016 12:00:00 PM,037XX N HALSTED ST,1140,DECEPTIVE PRACTICE,EMBEZZLEMENT,MEDICAL/DENTAL OFFICE,FALSE,FALSE,1923,19,46,6,12,,,2016,02/20/2018 04:02:31 PM,,,
11653314,JC221551,01-02-2013 19:00,061XX S ROCKWELL ST,1153,DECEPTIVE PRACTICE,FINANCIAL IDENTITY THEFT OVER $ 300,,FALSE,FALSE,825,8,16,66,11,,,2013,04/13/2019 04:01:56 PM,,,
10242055,HY430150,09/19/2015 07:15:00 PM,020XX N KEELER AVE,2022,NARCOTICS,POSS: COCAINE,STREET,TRUE,FALSE,2522,25,30,20,18,1148051,1913286,2015,02-10-2018 15:50,41.91800595,-87.73148213,"(41.918005953, -87.73148213)"
11235193,JB158246,12-08-2017 20:17,0000X W DIVISION ST,1110,DECEPTIVE PRACTICE,BOGUS CHECK,BANK,FALSE,FALSE,1824,18,42,8,11,,,2017,02/20/2018 04:02:31 PM,,,
11653302,JC221559,07/30/2015 10:25:00 AM,036XX W GRENSHAW ST,1153,DECEPTIVE PRACTICE,FINANCIAL IDENTITY THEFT OVER $ 300,,FALSE,FALSE,1133,11,24,29,11,,,2015,04/13/2019 04:01:56 PM,,,
11234627,JB157485,12-11-2017 12:00,110XX S STATE ST,1152,DECEPTIVE PRACTICE,ILLEGAL USE CASH CARD,RESIDENCE,FALSE,FALSE,513,5,34,49,11,,,2017,02/20/2018 04:02:31 PM,,,
10242135,HY430189,06-09-2015 08:00,017XX N MC VICKER AVE,1541,OBSCENITY,SALE/DIST OBSCENE MAT TO MINOR,RESIDENCE,TRUE,FALSE,2513,25,29,25,17,1135810,1910888,2015,02-10-2018 15:50,41.91165248,-87.77651409,"(41.91165248, -87.776514093)"
11234589,JB157465,10/15/2017 10:00:00 AM,032XX E 91ST ST,1153,DECEPTIVE PRACTICE,FINANCIAL IDENTITY THEFT OVER $ 300,APARTMENT,FALSE,FALSE,424,4,10,46,11,,,2017,02/20/2018 04:02:31 PM,,,
10242142,HY430255,09/19/2015 08:39:00 PM,007XX W 66TH PL,1811,NARCOTICS,POSS: CANNABIS 30GMS OR LESS,SIDEWALK,TRUE,FALSE,723,7,6,68,18,1172392,1860773,2015,02-10-2018 15:50,41.77340237,-87.64360179,"(41.773402365, -87.643601785)"
11234916,JB157635,07/15/2015 12:00:00 AM,011XX N LAWNDALE AVE,1153,DECEPTIVE PRACTICE,FINANCIAL IDENTITY THEFT OVER $ 300,APARTMENT,FALSE,FALSE,1112,11,27,23,11,,,2015,02/20/2018 04:02:31 PM,,,
11231923,JB153728,02/13/2018 06:00:00 PM,025XX N WILLETTS CT,890,THEFT,FROM BUILDING,RESIDENCE,FALSE,FALSE,1414,14,35,22,6,,,2018,02/20/2018 04:02:31 PM,,,
11234527,JB157315,11-07-2017 00:01,003XX S CAMPBELL AVE,4651,OTHER OFFENSE,SEX OFFENDER: FAIL REG NEW ADD,RESIDENCE,FALSE,FALSE,1125,11,2,28,26,,,2017,02/20/2018 04:02:31 PM,,,
10242159,HY430157,09/19/2015 06:12:00 PM,015XX E 75TH ST,312,ROBBERY,ARMED:KNIFE/CUTTING INSTRUMENT,SIDEWALK,FALSE,FALSE,324,3,5,43,3,1187762,1855563,2015,02-10-2018 15:50,41.7587536,-87.58742517,"(41.758753595, -87.587425173)"
11234558,JB157401,11-07-2017 12:00,035XX W FULLERTON AVE,1122,DECEPTIVE PRACTICE,COUNTERFEIT CHECK,MEDICAL/DENTAL OFFICE,FALSE,FALSE,1413,14,26,22,10,,,2017,02/20/2018 04:02:31 PM,,,
11653363,JC222212,12/28/2015 09:00:00 AM,010XX N RIDGEWAY AVE,1153,DECEPTIVE PRACTICE,FINANCIAL IDENTITY THEFT OVER $ 300,APARTMENT,FALSE,FALSE,1112,11,27,23,11,,,2015,04/13/2019 04:01:56 PM,,,
11653027,JC221918,04-12-2016 00:00,012XX E 78TH ST,2825,OTHER OFFENSE,HARASSMENT BY TELEPHONE,APARTMENT,FALSE,FALSE,411,4,8,45,26,,,2016,04/13/2019 04:01:56 PM,,,
11234648,JB157510,12/24/2017 04:30:00 PM,001XX W 127TH ST,460,BATTERY,SIMPLE,GAS STATION,FALSE,FALSE,523,5,9,53,08B,,,2017,02/20/2018 04:02:31 PM,,,
11653320,JC221989,07/17/2018 09:25:00 AM,071XX S HERMITAGE AVE,1153,DECEPTIVE PRACTICE,FINANCIAL IDENTITY THEFT OVER $ 300,,FALSE,FALSE,735,7,17,67,11,,,2018,04/13/2019 04:01:56 PM,,,
11234593,JB157427,07/16/2017 02:00:00 AM,085XX S WOOD ST,281,CRIM SEXUAL ASSAULT,NON-AGGRAVATED,RESIDENCE,FALSE,TRUE,614,6,18,71,2,,,2017,02/20/2018 04:02:31 PM,,,
11235059,JB158121,12-08-2017 23:30,049XX S LA CROSSE AVE,486,BATTERY,DOMESTIC BATTERY SIMPLE,RESIDENCE,FALSE,TRUE,814,8,23,56,08B,,,2017,02/20/2018 04:02:31 PM,,,
10242303,HY430354,09/19/2015 05:00:00 PM,016XX E 79TH ST,820,THEFT,$500 AND UNDER,CONVENIENCE STORE,TRUE,FALSE,414,4,8,43,6,1188721,1852930,2015,02-10-2018 15:50,41.75150553,-87.5839946,"(41.751505533, -87.583994603)"
10242305,HY430340,09/19/2015 10:45:00 PM,016XX E 79TH ST,420,BATTERY,AGGRAVATED:KNIFE/CUTTING INSTR,SIDEWALK,TRUE,FALSE,414,4,8,43,04B,1188721,1852930,2015,02-10-2018 15:50,41.75150553,-87.5839946,"(41.751505533, -87.583994603)"
11230886,JB152106,02/13/2018 07:00:00 PM,0000X E LAKE ST,890,THEFT,FROM BUILDING,BAR OR TAVERN,FALSE,FALSE,111,1,42,32,6,,,2018,02/20/2018 04:02:31 PM,,,
11652752,JC221548,04/17/2014 12:00:00 PM,046XX S ELLIS AVE,1153,DECEPTIVE PRACTICE,FINANCIAL IDENTITY THEFT OVER $ 300,APARTMENT,FALSE,FALSE,222,2,4,39,11,,,2014,04/13/2019 04:01:56 PM,,,
11653111,JC221828,10-08-2018 19:00,020XX W AUGUSTA BLVD,281,CRIM SEXUAL ASSAULT,NON-AGGRAVATED,APARTMENT,FALSE,FALSE,1212,12,2,24,2,,,2018,04/13/2019 04:01:56 PM,,,
10242326,HY430469,09/19/2015 11:29:00 PM,004XX N WABASH AVE,1330,CRIMINAL TRESPASS,TO LAND,HOTEL/MOTEL,TRUE,FALSE,1834,18,42,8,26,1176592,1902931,2015,02-10-2018 15:50,41.88899385,-87.62693483,"(41.888993854, -87.626934833)"
10242360,HY430311,08/13/2015 09:00:00 AM,114XX S BELL AVE,1154,DECEPTIVE PRACTICE,FINANCIAL IDENTITY THEFT $300 AND UNDER,RESIDENCE,FALSE,FALSE,2212,22,19,75,11,1163501,1828511,2015,02-10-2018 15:50,41.68506141,-87.67709587,"(41.685061405, -87.677095865)"
11652204,JC220899,05-01-2003 00:01,059XX W WRIGHTWOOD AVE,1752,OFFENSE INVOLVING CHILDREN,AGGRAVATED CRIMINAL SEXUAL ABUSE BY FAMILY MEMBER,APARTMENT,TRUE,TRUE,2514,25,30,19,17,,,2003,03/21/2020 03:44:56 PM,,,
10242643,HY430650,09/19/2015 02:10:00 PM,009XX W JACKSON BLVD,890,THEFT,FROM BUILDING,BAR OR TAVERN,FALSE,FALSE,1232,12,2,28,6,1170379,1898840,2015,02-10-2018 15:50,41.87790596,-87.64987086,"(41.877905955, -87.64987086)"
10242825,HY430303,09/19/2015 09:00:00 PM,051XX S CHRISTIANA AVE,486,BATTERY,DOMESTIC BATTERY SIMPLE,APARTMENT,FALSE,TRUE,822,8,14,63,08B,1154912,1870392,2015,02-10-2018 15:50,41.80016514,-87.70742317,"(41.800165139, -87.707423174)"
10242826,HY430278,09/19/2015 09:00:00 PM,051XX S CHRISTIANA AVE,440,BATTERY,AGG: HANDS/FIST/FEET NO/MINOR INJURY,RESIDENCE,FALSE,TRUE,822,8,14,63,08B,1154912,1870392,2015,02-10-2018 15:50,41.80016514,-87.70742317,"(41.800165139, -87.707423174)"
10243083,HY431458,09/20/2015 07:35:00 PM,035XX W 13TH PL,1310,CRIMINAL DAMAGE,TO PROPERTY,RESIDENCE,FALSE,FALSE,1021,10,24,29,14,1153019,1893677,2015,02-10-2018 15:50,41.86409978,-87.71374953,"(41.86409978, -87.713749532)"
11649982,JC218074,04-07-2019 22:00,049XX W BELDEN AVE,820,THEFT,$500 AND UNDER,STREET,FALSE,FALSE,2522,25,36,19,6,,,2019,04/14/2019 04:04:11 PM,,,
10243158,HY431559,09/20/2015 08:50:00 PM,001XX N MICHIGAN AVE,820,THEFT,$500 AND UNDER,SMALL RETAIL STORE,TRUE,FALSE,111,1,42,32,6,1177271,1901522,2015,02-10-2018 15:50,41.88511212,-87.62448405,"(41.885112119, -87.624484053)"
11241015,JB165845,07-09-2017 18:30,010XX N HOYNE AVE,560,ASSAULT,SIMPLE,RESIDENCE,FALSE,FALSE,1212,12,32,24,08A,,,2017,02/27/2018 03:59:52 PM,,,
11236014,JB159452,10/20/2017 04:00:00 PM,026XX W FOSTER AVE,2826,OTHER OFFENSE,HARASSMENT BY ELECTRONIC MEANS,RESIDENCE,FALSE,FALSE,2011,20,40,4,26,,,2017,02/21/2018 03:57:53 PM,,,
11235458,JB158616,10/26/2017 04:00:00 PM,006XX W LAKE ST,1122,DECEPTIVE PRACTICE,COUNTERFEIT CHECK,BANK,FALSE,FALSE,1214,12,27,28,10,,,2017,02/21/2018 03:57:53 PM,,,
11235974,JB159013,09-07-2017 17:00,084XX S BRANDON AVE,1153,DECEPTIVE PRACTICE,FINANCIAL IDENTITY THEFT OVER $ 300,,FALSE,FALSE,424,4,10,46,11,,,2017,02/21/2018 03:57:53 PM,,,
11236301,JB158708,02/17/2017 11:00:00 AM,054XX W BERTEAU AVE,2826,OTHER OFFENSE,HARASSMENT BY ELECTRONIC MEANS,RESIDENCE,FALSE,FALSE,1624,16,38,15,26,,,2017,02/21/2018 03:57:53 PM,,,
11654056,JC223182,08-01-2017 00:01,013XX W RANDOLPH ST,1153,DECEPTIVE PRACTICE,FINANCIAL IDENTITY THEFT OVER $ 300,OTHER,FALSE,FALSE,1224,12,27,28,11,,,2017,04/14/2019 04:04:11 PM,,,
10243506,HY431856,09/21/2015 06:50:00 AM,013XX S LAWNDALE AVE,143A,WEAPONS VIOLATION,UNLAWFUL POSS OF HANDGUN,APARTMENT,TRUE,FALSE,1011,10,24,29,15,1151919,1893609,2015,09/30/2015 03:35:37 PM,41.86393489,-87.71778941,"(41.863934894, -87.71778941)"
10171201,HY183510,03/13/2015 08:42:09 PM,080XX S INGLESIDE AVE,2027,NARCOTICS,POSS: CRACK,APARTMENT,TRUE,FALSE,631,6,8,44,18,,,2015,05/25/2019 04:08:09 PM,,,
11235960,JB159299,02-10-2018 15:00,0000X W BAGGAGE ALY,810,THEFT,OVER $500,AIRPORT TERMINAL LOWER LEVEL - NON-SECURE AREA,FALSE,FALSE,1651,16,41,76,6,,,2018,02/21/2018 03:57:53 PM,,,
10243637,HY431943,09-09-2015 13:30,002XX W JACKSON BLVD,870,THEFT,POCKET-PICKING,RESIDENTIAL YARD (FRONT/BACK),FALSE,FALSE,122,1,2,32,6,1174658,1898950,2015,02-10-2018 15:50,41.87811322,-87.63415627,"(41.878113223, -87.634156272)"
11235567,JB158703,09/16/2017 12:01:00 AM,029XX S NORMAL AVE,1153,DECEPTIVE PRACTICE,FINANCIAL IDENTITY THEFT OVER $ 300,RESIDENCE,FALSE,FALSE,914,9,11,60,11,,,2017,02/21/2018 03:57:53 PM,,,
10243707,HY431961,09-09-2015 13:30,002XX W JACKSON BLVD,1150,DECEPTIVE PRACTICE,CREDIT CARD FRAUD,RESTAURANT,FALSE,FALSE,122,1,2,32,11,1174658,1898950,2015,02-10-2018 15:50,41.87811322,-87.63415627,"(41.878113223, -87.634156272)"
11235420,JB158583,11/20/2017 10:29:00 AM,001XX W 87TH ST,1150,DECEPTIVE PRACTICE,CREDIT CARD FRAUD,RESTAURANT,FALSE,FALSE,622,6,21,44,11,,,2017,02/21/2018 03:57:53 PM,,,
11235508,JB158691,10/25/2017 10:00:00 AM,050XX N ELSTON AVE,1120,DECEPTIVE PRACTICE,FORGERY,OTHER,FALSE,FALSE,1712,17,39,14,10,,,2017,02/21/2018 03:57:53 PM,,,
11235792,JB158855,12-12-2017 12:00,044XX W 82ND ST,1155,DECEPTIVE PRACTICE,AGGRAVATED FINANCIAL IDENTITY THEFT,STREET,FALSE,FALSE,834,8,13,70,11,,,2017,02/21/2018 03:57:53 PM,,,
11235467,JB158676,12/14/2017 02:00:00 PM,055XX N CLARK ST,890,THEFT,FROM BUILDING,ANIMAL HOSPITAL,FALSE,FALSE,2013,20,48,77,6,,,2017,02/21/2018 03:57:53 PM,,,
11654287,JC223480,12-01-2018 00:30,009XX N PULASKI RD,810,THEFT,OVER $500,GAS STATION,FALSE,FALSE,1112,11,37,23,6,,,2018,04/14/2019 04:04:11 PM,,,
11236267,JB159672,01-01-2017 08:00,015XX E 71ST ST,1153,DECEPTIVE PRACTICE,FINANCIAL IDENTITY THEFT OVER $ 300,GOVERNMENT BUILDING/PROPERTY,FALSE,FALSE,324,3,5,43,11,,,2017,02/21/2018 03:57:53 PM,,,
11236006,JB159432,12-01-2017 10:00,079XX S GREENWOOD AVE,810,THEFT,OVER $500,RESIDENCE,FALSE,FALSE,624,6,8,44,6,,,2017,02/21/2018 03:57:53 PM,,,
11235695,JB158911,09-01-2012 00:01,007XX E 40TH ST,265,CRIM SEXUAL ASSAULT,AGGRAVATED: OTHER,"SCHOOL, PRIVATE, BUILDING",FALSE,FALSE,214,2,4,38,2,,,2012,02/21/2018 03:57:53 PM,,,
10244363,HY432384,09/21/2015 02:00:00 AM,078XX S CREGIER AVE,910,MOTOR VEHICLE THEFT,AUTOMOBILE,STREET,FALSE,FALSE,414,4,8,43,7,1189562,1853428,2015,02-10-2018 15:50,41.75285195,-87.58089683,"(41.752851949, -87.580896829)"
11235470,JB158575,10-02-2017 00:01,095XX S GREENWOOD AVE,1153,DECEPTIVE PRACTICE,FINANCIAL IDENTITY THEFT OVER $ 300,RESIDENCE,FALSE,FALSE,511,5,8,50,11,,,2017,02/21/2018 03:57:53 PM,,,
11235731,JB158974,11-07-2017 13:00,045XX S DREXEL BLVD,820,THEFT,$500 AND UNDER,STREET,FALSE,FALSE,221,2,4,39,6,,,2017,02/21/2018 03:57:53 PM,,,
10244407,HY432446,09/21/2015 02:46:00 PM,083XX S CARPENTER ST,560,ASSAULT,SIMPLE,SIDEWALK,TRUE,FALSE,613,6,21,71,08A,1170769,1849526,2015,02-10-2018 15:50,41.74257472,-87.64987887,"(41.742574715, -87.649878866)"
10244423,HY432517,09/21/2015 01:00:00 PM,020XX W FULTON ST,810,THEFT,OVER $500,STREET,FALSE,FALSE,1223,12,27,28,6,1162850,1902009,2015,02-10-2018 15:50,41.88676316,-87.6774265,"(41.886763155, -87.677426502)"
11654134,JC223274,12/28/2018 12:00:00 PM,048XX W NEWPORT AVE,2825,OTHER OFFENSE,HARASSMENT BY TELEPHONE,RESIDENCE,FALSE,FALSE,1634,16,31,15,26,,,2018,04/14/2019 04:04:11 PM,,,
11235556,JB158555,08/28/2017 09:00:00 AM,058XX S MARYLAND AVE,2825,OTHER OFFENSE,HARASSMENT BY TELEPHONE,OTHER,FALSE,FALSE,235,2,5,41,26,,,2017,02/21/2018 03:57:53 PM,,,
11235968,JB159372,04-01-2017 00:00,011XX W TAYLOR ST,1153,DECEPTIVE PRACTICE,FINANCIAL IDENTITY THEFT OVER $ 300,,FALSE,FALSE,1232,12,25,28,11,,,2017,02/21/2018 03:57:53 PM,,,
11654441,JC223257,04/13/2016 12:00:00 PM,012XX W 74TH PL,1154,DECEPTIVE PRACTICE,FINANCIAL IDENTITY THEFT $300 AND UNDER,APARTMENT,FALSE,FALSE,734,7,17,67,11,,,2016,04/14/2019 04:04:11 PM,,,
10244618,HY432823,09/20/2015 11:45:00 AM,048XX W WABANSIA AVE,1750,OFFENSE INVOLVING CHILDREN,CHILD ABUSE,OTHER,FALSE,TRUE,2533,25,37,25,20,1143841,1910866,2015,02-10-2018 15:50,41.91144525,-87.74701085,"(41.911445251, -87.747010852)"
11654262,JC223332,10-12-2016 12:10,016XX S RACINE AVE,265,CRIM SEXUAL ASSAULT,AGGRAVATED: OTHER,APARTMENT,FALSE,FALSE,1235,12,25,31,2,,,2016,04/14/2019 04:04:11 PM,,,
10244665,HY432864,09/21/2015 07:10:00 PM,073XX S WINCHESTER AVE,1811,NARCOTICS,POSS: CANNABIS 30GMS OR LESS,ABANDONED BUILDING,TRUE,FALSE,735,7,17,67,18,1164628,1855927,2015,02-10-2018 15:50,41.76027162,-87.67219941,"(41.760271621, -87.672199411)"
10244707,HY432875,09/21/2015 07:40:00 PM,071XX S SOUTH CHICAGO AVE,460,BATTERY,SIMPLE,STREET,TRUE,FALSE,323,3,5,69,08B,1182926,1857984,2015,02-10-2018 15:50,41.76551076,-87.60507347,"(41.76551076, -87.60507347)"
10244849,HY433080,09/21/2015 09:00:00 PM,034XX N OSCEOLA AVE,486,BATTERY,DOMESTIC BATTERY SIMPLE,RESIDENCE,FALSE,FALSE,1631,16,36,17,08B,1125810,1921933,2015,02-10-2018 15:50,41.94213367,-87.81300555,"(41.942133665, -87.813005545)"
10244922,HY433183,09/21/2015 10:30:00 PM,032XX N SEMINARY AVE,810,THEFT,OVER $500,RESIDENTIAL YARD (FRONT/BACK),FALSE,FALSE,1924,19,44,6,6,1168376,1921730,2015,02-10-2018 15:50,41.94076103,-87.65656221,"(41.940761026, -87.656562207)"
10244923,HY429716,09/19/2015 01:00:00 PM,054XX S WENTWORTH AVE,820,THEFT,$500 AND UNDER,SIDEWALK,FALSE,FALSE,225,2,3,37,6,1175887,1869033,2015,02-10-2018 15:50,41.79599104,-87.63054249,"(41.795991039, -87.630542489)"
10244933,HY418715,09-11-2015 00:11,008XX W JACKSON BLVD,560,ASSAULT,SIMPLE,RESTAURANT,FALSE,FALSE,1232,12,27,28,08A,1170954,1898857,2015,02-10-2018 15:50,41.87794002,-87.64775912,"(41.87794002, -87.647759117)"
11653907,JC222867,11-04-2018 12:00,010XX W 48TH ST,2825,OTHER OFFENSE,HARASSMENT BY TELEPHONE,RESIDENCE,FALSE,FALSE,933,9,20,61,26,,,2018,04/14/2019 04:04:11 PM,,,
10245568,HY433472,09/22/2015 11:08:00 AM,0000X E 79TH ST,460,BATTERY,SIMPLE,CTA BUS,FALSE,FALSE,623,6,6,44,08B,1177763,1852641,2015,02-10-2018 15:50,41.75096736,-87.62415881,"(41.750967358, -87.624158809)"
10245680,HY433609,09/21/2015 06:00:00 PM,052XX S ASHLAND AVE,820,THEFT,$500 AND UNDER,STREET,FALSE,FALSE,932,9,16,61,6,1166565,1869887,2015,02-10-2018 15:50,41.79853856,-87.66470242,"(41.798538563, -87.664702422)"
10245703,HY433579,09-08-2015 00:01,052XX N CAMPBELL AVE,1153,DECEPTIVE PRACTICE,FINANCIAL IDENTITY THEFT OVER $ 300,RESIDENCE,FALSE,FALSE,2011,20,40,4,11,1158896,1934930,2015,02-10-2018 15:50,41.97718265,-87.69104096,"(41.977182646, -87.691040963)"
10245792,HY433476,09/22/2015 12:30:00 AM,005XX W 43RD ST,820,THEFT,$500 AND UNDER,RESIDENCE PORCH/HALLWAY,FALSE,FALSE,925,9,11,61,6,1173317,1876407,2015,02-10-2018 15:50,41.8162833,-87.63974857,"(41.816283301, -87.639748568)"
11235777,JB158946,12/29/2017 12:01:00 AM,032XX S PRAIRIE AVE,1153,DECEPTIVE PRACTICE,FINANCIAL IDENTITY THEFT OVER $ 300,NURSING HOME/RETIREMENT HOME,FALSE,FALSE,211,2,3,35,11,,,2017,02/22/2018 03:56:47 PM,,,
11237035,JB157920,06/15/2017 05:00:00 PM,004XX E 91ST ST,460,BATTERY,SIMPLE,RESIDENCE,FALSE,FALSE,633,6,6,44,08B,,,2017,02/22/2018 03:58:56 PM,,,
11236423,JB159764,02-10-2018 08:00,130XX S LANGLEY AVE,051A,ASSAULT,AGGRAVATED: HANDGUN,STREET,FALSE,FALSE,533,5,9,54,04A,,,2018,02/22/2018 03:58:56 PM,,,
11236448,JB159392,12/30/2017 09:00:00 AM,054XX S CHRISTIANA AVE,5004,SEX OFFENSE,ATT CRIM SEXUAL ABUSE,RESIDENCE,FALSE,TRUE,822,8,14,63,17,,,2017,02/22/2018 03:58:56 PM,,,
11236344,JB159878,05/17/2017 08:00:00 AM,067XX W 64TH PL,1153,DECEPTIVE PRACTICE,FINANCIAL IDENTITY THEFT OVER $ 300,RESIDENCE,FALSE,FALSE,812,8,23,64,11,,,2017,02/22/2018 03:58:56 PM,,,
11236742,JB160124,06-08-2015 12:00,104XX S AVENUE E,1130,DECEPTIVE PRACTICE,FRAUD OR CONFIDENCE GAME,RESIDENCE,FALSE,FALSE,432,4,10,52,11,,,2015,02/22/2018 03:58:56 PM,,,
11237323,JB160973,09/13/2017 12:00:00 PM,013XX W LAKE ST,890,THEFT,FROM BUILDING,OTHER,FALSE,FALSE,1215,12,27,28,6,,,2017,02/22/2018 03:58:56 PM,,,
10246293,HY434347,09/22/2015 08:53:00 PM,050XX W GRACE ST,2820,OTHER OFFENSE,TELEPHONE THREAT,RESIDENCE,FALSE,FALSE,1634,16,45,15,26,1142137,1924794,2015,02-10-2018 15:50,41.94969688,-87.7529245,"(41.949696878, -87.752924502)"
11236514,JB160075,01-01-2017 12:00,073XX S SOUTH SHORE DR,1153,DECEPTIVE PRACTICE,FINANCIAL IDENTITY THEFT OVER $ 300,APARTMENT,FALSE,FALSE,334,3,7,43,11,,,2017,02/22/2018 03:58:56 PM,,,
11649989,JC218177,04-08-2019 13:20,0000X N LA SALLE ST,890,THEFT,FROM BUILDING,RESTAURANT,FALSE,FALSE,122,1,42,32,6,,,2019,04/15/2019 04:11:49 PM,,,
11237076,JB160677,12-10-2017 05:45,030XX W PETERSON AVE,1150,DECEPTIVE PRACTICE,CREDIT CARD FRAUD,SMALL RETAIL STORE,FALSE,FALSE,2413,24,50,2,11,,,2017,02/22/2018 03:58:56 PM,,,
11236717,JB160280,03-03-2013 18:00,014XX N HALSTED ST,496,BATTERY,AGGRAVATED DOMESTIC BATTERY: KNIFE/CUTTING INST,APARTMENT,FALSE,TRUE,1822,18,27,8,04B,,,2013,02/22/2018 03:58:56 PM,,,
11236893,JB160435,01-01-2016 07:00,007XX E 63RD ST,1562,SEX OFFENSE,AGG CRIMINAL SEXUAL ABUSE,DAY CARE CENTER,FALSE,FALSE,312,3,20,42,17,,,2016,01/21/2020 03:49:17 PM,,,
10246440,HY434425,09/22/2015 10:20:00 AM,001XX N MICHIGAN AVE,860,THEFT,RETAIL THEFT,CONVENIENCE STORE,TRUE,FALSE,111,1,42,32,6,1177271,1901522,2015,02-10-2018 15:50,41.88511212,-87.62448405,"(41.885112119, -87.624484053)"
11653030,JC221934,12-01-2018 09:00,078XX S REILLY AVE,1150,DECEPTIVE PRACTICE,CREDIT CARD FRAUD,RESIDENCE,FALSE,FALSE,833,8,18,70,11,,,2018,04/15/2019 04:04:00 PM,,,
11655258,JC224569,04-01-2019 17:30,017XX W DIVISION ST,820,THEFT,$500 AND UNDER,RESIDENCE PORCH/HALLWAY,FALSE,FALSE,1424,14,1,24,6,,,2019,04/15/2019 04:11:49 PM,,,
11654898,JC224156,07-09-2018 00:00,024XX W ROSEMONT AVE,1153,DECEPTIVE PRACTICE,FINANCIAL IDENTITY THEFT OVER $ 300,APARTMENT,FALSE,FALSE,2413,24,50,2,11,,,2018,04/15/2019 04:11:49 PM,,,
11236436,JB159935,12-11-2017 00:00,075XX N RIDGE BLVD,1150,DECEPTIVE PRACTICE,CREDIT CARD FRAUD,RESIDENCE,FALSE,FALSE,2411,24,49,2,11,,,2017,02/22/2018 03:58:56 PM,,,
11236596,JB160011,12/21/2017 02:00:00 PM,013XX W WRIGHTWOOD AVE,890,THEFT,FROM BUILDING,OTHER,FALSE,FALSE,1932,19,32,7,6,,,2017,02/22/2018 03:58:56 PM,,,
11655421,JC224823,12-08-2018 12:00,051XX S UNION AVE,1153,DECEPTIVE PRACTICE,FINANCIAL IDENTITY THEFT OVER $ 300,RESIDENCE,FALSE,FALSE,935,9,20,61,11,,,2018,04/15/2019 04:11:49 PM,,,
11649939,JC218092,04-08-2019 05:01,023XX W ADAMS ST,820,THEFT,$500 AND UNDER,STREET,FALSE,FALSE,1223,12,27,28,6,,,2019,04/15/2019 04:11:49 PM,,,
11236932,JB160315,06/29/2015 12:00:00 AM,057XX N MAGNOLIA AVE,1153,DECEPTIVE PRACTICE,FINANCIAL IDENTITY THEFT OVER $ 300,,FALSE,FALSE,2013,20,48,77,11,,,2015,02/22/2018 03:58:56 PM,,,
11236973,JB160558,11/28/2017 12:01:00 AM,013XX E 87TH ST,1120,DECEPTIVE PRACTICE,FORGERY,SMALL RETAIL STORE,FALSE,TRUE,412,4,8,48,10,,,2017,02/22/2018 03:58:56 PM,,,
10246902,HY433680,09/22/2015 01:20:00 PM,020XX N SPAULDING AVE,620,BURGLARY,UNLAWFUL ENTRY,RESIDENCE,FALSE,FALSE,1413,14,35,22,5,1153823,1913401,2015,02-10-2018 15:50,41.91820841,-87.71027229,"(41.91820841, -87.71027229)"
11236891,JB160512,03-10-2017 10:00,074XX S PULASKI RD,620,BURGLARY,UNLAWFUL ENTRY,OTHER,FALSE,FALSE,833,8,18,70,5,,,2017,02/22/2018 03:58:56 PM,,,
11236533,JB143269,11-01-2017 00:00,109XX S CHURCH ST,1565,SEX OFFENSE,INDECENT SOLICITATION/CHILD,RESIDENCE,FALSE,FALSE,2212,22,19,75,17,,,2017,03-07-2018 16:09,,,
11237190,JB160001,06/16/2016 09:00:00 AM,010XX S STATE ST,1153,DECEPTIVE PRACTICE,FINANCIAL IDENTITY THEFT OVER $ 300,RESIDENCE,FALSE,FALSE,123,1,2,32,11,,,2016,02/22/2018 03:58:56 PM,,,
11236617,JB159975,11/15/2017 03:00:00 PM,034XX S EMERALD AVE,1563,SEX OFFENSE,CRIMINAL SEXUAL ABUSE,OTHER,FALSE,FALSE,915,9,11,60,17,,,2017,02/22/2018 03:58:56 PM,,,
11245284,JB171295,01/17/2017 08:00:00 PM,061XX N HAMILTON AVE,1110,DECEPTIVE PRACTICE,BOGUS CHECK,APARTMENT,FALSE,FALSE,2413,24,40,2,11,,,2017,03-03-2018 15:54,,,
11654894,JC224185,04-12-2018 17:00,005XX W MADISON ST,1154,DECEPTIVE PRACTICE,FINANCIAL IDENTITY THEFT $300 AND UNDER,APARTMENT,FALSE,FALSE,121,1,42,28,11,,,2018,04/15/2019 04:11:49 PM,,,
11655431,JC224758,04-01-2014 00:01,046XX S ROCKWELL ST,1754,OFFENSE INVOLVING CHILDREN,AGG SEX ASSLT OF CHILD FAM MBR,RESIDENCE,FALSE,TRUE,922,9,15,58,2,,,2014,04/15/2019 04:11:49 PM,,,
11236449,JB159987,09/14/2017 10:00:00 AM,005XX W KINZIE ST,1153,DECEPTIVE PRACTICE,FINANCIAL IDENTITY THEFT OVER $ 300,RESIDENCE,FALSE,FALSE,1214,12,42,28,11,,,2017,02/22/2018 03:58:56 PM,,,
10247243,HY434853,02-09-2015 12:00,031XX W BYRON ST,890,THEFT,FROM BUILDING,"SCHOOL, PUBLIC, BUILDING",FALSE,FALSE,1733,17,33,16,6,1154814,1925768,2015,02-10-2018 15:50,41.95212457,-87.70629895,"(41.952124569, -87.706298949)"
11236652,JB160183,10-03-2017 00:00,047XX W 47TH ST,820,THEFT,$500 AND UNDER,RESIDENCE,FALSE,FALSE,815,8,23,56,6,,,2017,02/22/2018 03:58:56 PM,,,
10247401,HY435012,09/23/2015 10:40:00 AM,005XX N MILWAUKEE AVE,1350,CRIMINAL TRESPASS,TO STATE SUP LAND,CTA PLATFORM,TRUE,FALSE,1214,12,27,24,26,1170867,1903766,2015,02-10-2018 15:50,41.89141255,-87.6479346,"(41.891412551, -87.647934597)"
11655267,JC224628,06-01-2018 12:45,008XX E 100th pl,1153,DECEPTIVE PRACTICE,FINANCIAL IDENTITY THEFT OVER $ 300,,FALSE,FALSE,511,5,8,50,11,,,2018,04/15/2019 04:11:49 PM,,,
11237316,JB160995,04-01-2015 12:00,062XX N MC CORMICK RD,890,THEFT,FROM BUILDING,OTHER,FALSE,FALSE,1711,17,50,13,6,,,2015,02/23/2018 03:54:42 PM,,,
10247474,HY435099,09/14/2015 10:00:00 PM,008XX N MICHIGAN AVE,560,ASSAULT,SIMPLE,RESTAURANT,FALSE,FALSE,1833,18,42,8,08A,1177330,1906499,2015,02-10-2018 15:50,41.89876792,-87.62411633,"(41.898767916, -87.624116333)"
11655501,JC224987,07/29/2014 09:00:00 AM,007XX N PINE AVE,1153,DECEPTIVE PRACTICE,FINANCIAL IDENTITY THEFT OVER $ 300,RESIDENCE,FALSE,FALSE,1524,15,37,25,11,,,2014,04/15/2019 04:11:49 PM,,,
10060236,HY189559,03/18/2015 01:50:07 PM,001XX E 70TH ST,2024,NARCOTICS,POSS: HEROIN(WHITE),RESIDENCE,TRUE,FALSE,322,3,6,69,18,,,2015,02/24/2018 03:52:13 PM,,,
10247691,HY435192,09/23/2015 11:30:00 AM,002XX W JACKSON BLVD,460,BATTERY,SIMPLE,RESTAURANT,FALSE,FALSE,122,1,2,32,08B,1174658,1898950,2015,02-10-2018 15:50,41.87811322,-87.63415627,"(41.878113223, -87.634156272)"
11655016,JC224338,03-01-2008 00:00,075XX S PAXTON AVE,1153,DECEPTIVE PRACTICE,FINANCIAL IDENTITY THEFT OVER $ 300,RESIDENCE,FALSE,FALSE,414,4,7,43,11,,,2008,04/15/2019 04:11:49 PM,,,
10247846,HY435499,09/23/2015 06:00:00 PM,020XX N SPAULDING AVE,1310,CRIMINAL DAMAGE,TO PROPERTY,RESIDENCE,FALSE,FALSE,1413,14,35,22,14,1153823,1913401,2015,02-10-2018 15:50,41.91820841,-87.71027229,"(41.91820841, -87.71027229)"
10247922,HY435602,09/23/2015 06:50:00 PM,037XX W DOUGLAS BLVD,460,BATTERY,SIMPLE,SIDEWALK,FALSE,FALSE,1011,10,24,29,08B,1151498,1892947,2015,02-10-2018 15:50,41.86212656,-87.71935227,"(41.862126562, -87.719352273)"
10247943,HY435412,07-12-2015 13:00,061XX S WABASH AVE,1240,DECEPTIVE PRACTICE,UNLAWFUL USE OF A COMPUTER,RESIDENCE,FALSE,FALSE,311,3,20,40,11,1177768,1864415,2015,02-10-2018 15:50,41.78327639,-87.62378456,"(41.783276387, -87.623784561)"
11654871,JC224178,04/14/2018 12:01:00 AM,0000X E ELM ST,890,THEFT,FROM BUILDING,APARTMENT,FALSE,FALSE,1824,18,2,8,6,,,2018,04/15/2019 04:11:49 PM,,,
11655191,JC224546,05/15/2018 12:00:00 PM,002XX E HURON ST,460,BATTERY,SIMPLE,HOSPITAL BUILDING/GROUNDS,FALSE,FALSE,1834,18,42,8,08B,,,2018,04/15/2019 04:11:49 PM,,,
10248185,HY435798,09/23/2015 10:10:00 PM,044XX W THOMAS ST,820,THEFT,$500 AND UNDER,RESIDENCE,TRUE,TRUE,1111,11,37,23,6,1146672,1906961,2015,02-10-2018 15:50,41.90067595,-87.73671034,"(41.900675948, -87.73671034)"
10248224,HY435941,09/21/2015 12:00:00 AM,062XX N KEDVALE AVE,486,BATTERY,DOMESTIC BATTERY SIMPLE,RESIDENCE,FALSE,TRUE,1711,17,39,12,08B,1147570,1941075,2015,02-10-2018 15:50,41.9942704,-87.73253357,"(41.994270396, -87.732533574)"
10248381,HY435027,09/23/2015 09:15:00 AM,013XX W 82ND ST,820,THEFT,$500 AND UNDER,APARTMENT,FALSE,FALSE,613,6,21,71,6,1168873,1850391,2015,02-10-2018 15:50,41.74498951,-87.65680092,"(41.744989508, -87.65680092)"
11237714,JB161593,12/21/2016 12:00:00 AM,016XX N SPRINGFIELD AVE,1153,DECEPTIVE PRACTICE,FINANCIAL IDENTITY THEFT OVER $ 300,RESIDENCE,FALSE,FALSE,2535,25,30,23,11,,,2016,02/23/2018 03:57:04 PM,,,
11237346,JB160992,12-01-2017 12:00,036XX N OZANAM AVE,2825,OTHER OFFENSE,HARASSMENT BY TELEPHONE,RESIDENCE,FALSE,FALSE,1631,16,36,17,26,,,2017,02/23/2018 03:57:04 PM,,,
11237482,JB161241,08-01-2016 00:00,026XX S CALIFORNIA AVE,4650,OTHER OFFENSE,SEX OFFENDER: FAIL TO REGISTER,GOVERNMENT BUILDING/PROPERTY,TRUE,FALSE,1033,10,12,30,26,,,2016,03-01-2018 15:52,,,
10248790,HY436342,09/23/2015 03:00:00 PM,004XX S LA SALLE ST,1130,DECEPTIVE PRACTICE,FRAUD OR CONFIDENCE GAME,OTHER,FALSE,FALSE,122,1,2,32,11,1175318,1898302,2015,02-10-2018 15:50,41.87632029,-87.63175238,"(41.876320292, -87.63175238)"
11237837,JB161609,10-03-2017 12:00,066XX S HERMITAGE AVE,1153,DECEPTIVE PRACTICE,FINANCIAL IDENTITY THEFT OVER $ 300,RESIDENCE,FALSE,TRUE,725,7,15,67,11,,,2017,02/23/2018 03:57:04 PM,,,
10220109,HY177811,03-09-2015 16:34,041XX S CICERO AVE,2022,NARCOTICS,POSS: COCAINE,STREET,TRUE,FALSE,814,8,14,56,18,,,2015,04/26/2016 03:54:34 PM,,,
10248890,HY436392,09/24/2015 11:30:00 AM,026XX N CLARK ST,560,ASSAULT,SIMPLE,STREET,FALSE,FALSE,1935,19,43,7,08A,1172084,1917748,2015,02-10-2018 15:50,41.92975312,-87.64305192,"(41.92975312, -87.643051915)"
10248919,HY436363,09-12-2015 05:00,036XX W 23RD ST,810,THEFT,OVER $500,VEHICLE NON-COMMERCIAL,FALSE,FALSE,1013,10,22,30,6,1152589,1888480,2015,02-10-2018 15:50,41.84984711,-87.71546534,"(41.849847109, -87.715465344)"
11237418,JB160932,10/27/2014 12:00:00 PM,044XX S LECLAIRE AVE,1153,DECEPTIVE PRACTICE,FINANCIAL IDENTITY THEFT OVER $ 300,RESIDENCE,FALSE,FALSE,814,8,23,56,11,,,2014,02/23/2018 03:57:04 PM,,,
11237877,JB161248,12/15/2017 11:05:00 AM,052XX S MARSHFIELD AVE,1153,DECEPTIVE PRACTICE,FINANCIAL IDENTITY THEFT OVER $ 300,,FALSE,FALSE,932,9,16,61,11,,,2017,02/23/2018 03:57:04 PM,,,
11237818,JB161684,05/15/2017 09:00:00 AM,033XX W MARQUETTE RD,1153,DECEPTIVE PRACTICE,FINANCIAL IDENTITY THEFT OVER $ 300,OTHER,FALSE,FALSE,831,8,15,66,11,,,2017,02/23/2018 03:57:04 PM,,,
11149019,JA487391,10/26/2017 03:54:00 PM,025XX W AINSLIE ST,1812,NARCOTICS,POSS: CANNABIS MORE THAN 30GMS,APARTMENT,TRUE,FALSE,2031,20,47,4,18,,,2017,02/24/2018 03:54:24 PM,,,
10249309,HY436632,09/24/2015 02:00:00 PM,084XX S KOLIN AVE,460,BATTERY,SIMPLE,"SCHOOL, PUBLIC, BUILDING",TRUE,FALSE,834,8,18,70,08B,1148889,1848181,2015,02-10-2018 15:50,41.73933269,-87.7300829,"(41.739332692, -87.730082896)"
11238241,JB162183,04-01-2017 09:00,075XX S HONORE ST,1153,DECEPTIVE PRACTICE,FINANCIAL IDENTITY THEFT OVER $ 300,RESIDENCE,FALSE,FALSE,611,6,18,71,11,,,2017,02/23/2018 03:57:04 PM,,,
11237640,JB161437,06-01-2017 09:00,016XX W MORSE AVE,1195,DECEPTIVE PRACTICE,FINAN EXPLOIT-ELDERLY/DISABLED,RESIDENCE,FALSE,FALSE,2431,24,49,1,11,,,2017,02/23/2018 03:57:04 PM,,,
11238020,JB161932,10-01-2017 08:00,008XX S PLYMOUTH CT,620,BURGLARY,UNLAWFUL ENTRY,APARTMENT,FALSE,FALSE,123,1,2,32,5,,,2017,02/23/2018 03:57:04 PM,,,
11237520,JB161224,12/13/2017 01:00:00 PM,075XX S PRAIRIE AVE,1150,DECEPTIVE PRACTICE,CREDIT CARD FRAUD,RESIDENCE,FALSE,FALSE,623,6,6,69,11,,,2017,02/23/2018 03:57:04 PM,,,
10249467,HY436830,09/21/2015 04:00:00 PM,044XX S RACINE AVE,810,THEFT,OVER $500,STREET,FALSE,FALSE,924,9,11,61,6,1169087,1875536,2015,02-10-2018 15:50,41.81398583,-87.65529031,"(41.813985829, -87.655290305)"
10249491,HY436989,09/24/2015 07:20:00 PM,070XX S WASHTENAW AVE,486,BATTERY,DOMESTIC BATTERY SIMPLE,APARTMENT,TRUE,TRUE,831,8,18,66,08B,1159590,1857834,2015,02-10-2018 15:50,41.76560948,-87.69061168,"(41.765609481, -87.690611679)"
11237969,JB161731,12/23/2017 09:00:00 AM,061XX W MONTROSE AVE,1110,DECEPTIVE PRACTICE,BOGUS CHECK,RESIDENCE,FALSE,FALSE,1624,16,38,15,11,,,2017,02/23/2018 03:57:04 PM,,,
10249572,HY437013,09/24/2015 05:30:00 PM,059XX W CHICAGO AVE,910,MOTOR VEHICLE THEFT,AUTOMOBILE,STREET,FALSE,FALSE,1511,15,29,25,7,1136759,1904732,2015,02-10-2018 15:50,41.8947427,-87.77317538,"(41.894742698, -87.773175378)"
11237524,JB161218,02/28/2015 09:00:00 AM,046XX W MADISON ST,1153,DECEPTIVE PRACTICE,FINANCIAL IDENTITY THEFT OVER $ 300,RESIDENCE,FALSE,FALSE,1113,11,28,25,11,,,2015,02/23/2018 03:57:04 PM,,,
11237602,JB161368,10-10-2017 07:00,018XX S ASHLAND AVE,1110,DECEPTIVE PRACTICE,BOGUS CHECK,CURRENCY EXCHANGE,FALSE,FALSE,1234,12,25,31,11,,,2017,02/23/2018 03:57:04 PM,,,
11237695,JB161385,12-12-2017 11:00,049XX S WASHINGTON PARK CT,610,BURGLARY,FORCIBLE ENTRY,RESIDENCE,FALSE,FALSE,223,2,4,38,5,,,2017,02/23/2018 03:57:04 PM,,,
11655980,JC225687,10/26/2017 04:00:00 PM,012XX W EDDY ST,1110,DECEPTIVE PRACTICE,BOGUS CHECK,RESIDENCE,FALSE,FALSE,1924,19,44,6,11,,,2017,04/16/2019 04:21:50 PM,,,
11237754,JB161591,10-03-2013 09:00,009XX N HARDING AVE,1153,DECEPTIVE PRACTICE,FINANCIAL IDENTITY THEFT OVER $ 300,RESIDENCE,FALSE,FALSE,1112,11,27,23,11,,,2013,02/23/2018 03:57:04 PM,,,
11656191,JC225824,12/16/2018 10:00:00 AM,069XX S WOLCOTT AVE,820,THEFT,$500 AND UNDER,RESIDENCE PORCH/HALLWAY,FALSE,FALSE,735,7,17,67,6,,,2018,04/16/2019 04:21:50 PM,,,
11237658,JB161401,01-01-2016 09:00,002XX N CALIFORNIA AVE,1153,DECEPTIVE PRACTICE,FINANCIAL IDENTITY THEFT OVER $ 300,RESIDENCE,FALSE,FALSE,1222,12,27,27,11,,,2016,02/23/2018 03:57:04 PM,,,
11237559,JB161234,11/17/2017 12:00:00 PM,044XX S MARSHFIELD AVE,1150,DECEPTIVE PRACTICE,CREDIT CARD FRAUD,RESIDENCE PORCH/HALLWAY,FALSE,FALSE,924,9,12,61,11,,,2017,02/23/2018 03:57:04 PM,,,
10249686,HY437240,09/22/2015 08:29:00 PM,101XX S NORMAL AVE,051A,ASSAULT,AGGRAVATED: HANDGUN,RESIDENCE PORCH/HALLWAY,FALSE,FALSE,2232,22,9,73,04A,1174759,1837501,2015,02-10-2018 15:50,41.70948859,-87.63561661,"(41.709488593, -87.635616613)"
11655652,JC225068,08-09-2018 08:00,071XX S STATE ST,560,ASSAULT,SIMPLE,STREET,FALSE,FALSE,323,3,6,69,08A,,,2018,04/16/2019 04:21:50 PM,,,
10249702,HY437258,09/25/2015 01:00:00 AM,019XX W 54TH ST,486,BATTERY,DOMESTIC BATTERY SIMPLE,ALLEY,FALSE,TRUE,932,9,16,61,08B,1164165,1868867,2015,02-10-2018 15:50,41.79579045,-87.67353244,"(41.795790448, -87.673532443)"
10249747,HY437235,09/25/2015 12:30:00 AM,005XX W DIVERSEY PKWY,460,BATTERY,SIMPLE,SIDEWALK,FALSE,FALSE,1934,19,44,6,08B,1172442,1918884,2015,02-10-2018 15:50,41.93286243,-87.6417027,"(41.932862434, -87.641702699)"
10249755,HY436319,09/24/2015 11:30:00 AM,056XX W BELMONT AVE,340,ROBBERY,ATTEMPT: STRONGARM-NO WEAPON,DEPARTMENT STORE,FALSE,FALSE,1633,16,38,15,3,1138353,1920714,2015,02-10-2018 15:50,41.93857042,-87.76693331,"(41.938570422, -87.766933312)"
11656146,JC225707,03/16/2018 08:24:00 AM,010XX N MILWAUKEE AVE,1153,DECEPTIVE PRACTICE,FINANCIAL IDENTITY THEFT OVER $ 300,,FALSE,FALSE,1213,12,27,24,11,,,2018,04/16/2019 04:21:50 PM,,,
11655581,JC225026,03/30/2018 12:01:00 AM,002XX N LA SALLE ST,1130,DECEPTIVE PRACTICE,FRAUD OR CONFIDENCE GAME,OTHER,FALSE,FALSE,122,1,42,32,11,,,2018,04/16/2019 04:21:50 PM,,,
11656176,JC225710,04-01-2014 14:05,021XX W JACKSON BLVD,1153,DECEPTIVE PRACTICE,FINANCIAL IDENTITY THEFT OVER $ 300,,FALSE,FALSE,1225,12,27,28,11,,,2014,04/16/2019 04:21:50 PM,,,
10250135,HY437480,09/24/2015 11:50:00 AM,018XX W MONTEREY AVE,1320,CRIMINAL DAMAGE,TO VEHICLE,STREET,FALSE,FALSE,2212,22,19,75,14,1166084,1830700,2015,02-10-2018 15:50,41.69101402,-87.66757819,"(41.691014016, -87.667578189)"
10250145,HY437512,09/16/2015 07:00:00 PM,013XX E 50TH ST,810,THEFT,OVER $500,STREET,FALSE,FALSE,222,2,4,39,6,1185945,1872115,2015,02-10-2018 15:50,41.80421671,-87.59356238,"(41.804216714, -87.593562384)"
11655847,JC225438,08-01-2017 00:00,062XX W 64TH PL,1153,DECEPTIVE PRACTICE,FINANCIAL IDENTITY THEFT OVER $ 300,APARTMENT,FALSE,FALSE,812,8,23,64,11,,,2017,04/16/2019 04:21:50 PM,,,
11656147,JC225792,12-01-2018 16:25,090XX S CARPENTER ST,1154,DECEPTIVE PRACTICE,FINANCIAL IDENTITY THEFT $300 AND UNDER,,FALSE,FALSE,2222,22,21,73,11,,,2018,04/16/2019 04:21:50 PM,,,
11656173,JC225657,06/26/2016 11:10:00 AM,029XX W LEXINGTON ST,1153,DECEPTIVE PRACTICE,FINANCIAL IDENTITY THEFT OVER $ 300,,FALSE,FALSE,1135,11,28,27,11,,,2016,04/16/2019 04:21:50 PM,,,
11656586,JC226360,07/16/2018 12:00:00 PM,001XX N MICHIGAN AVE,2826,OTHER OFFENSE,HARASSMENT BY ELECTRONIC MEANS,MEDICAL/DENTAL OFFICE,FALSE,FALSE,114,1,42,32,26,,,2018,04/16/2019 04:21:50 PM,,,
11233443,JB155446,02/17/2018 12:05:00 AM,133XX S GREEN BAY AVE,820,THEFT,$500 AND UNDER,STREET,FALSE,FALSE,433,4,10,55,6,,,2018,02/24/2018 03:54:24 PM,,,
11652229,JC219246,04-09-2019 16:45,0000X N STATE ST,860,THEFT,RETAIL THEFT,SMALL RETAIL STORE,FALSE,FALSE,112,1,42,32,6,,,2019,04/16/2019 04:21:50 PM,,,
11656027,JC225803,03-01-2011 09:00,071XX S INDIANA AVE,1153,DECEPTIVE PRACTICE,FINANCIAL IDENTITY THEFT OVER $ 300,APARTMENT,FALSE,FALSE,323,3,6,69,11,,,2011,04/16/2019 04:21:50 PM,,,
11656174,JC225664,10-01-2015 12:10,066XX S DR MARTIN LUTHER KING JR DR,1153,DECEPTIVE PRACTICE,FINANCIAL IDENTITY THEFT OVER $ 300,,FALSE,FALSE,312,3,20,42,11,,,2015,04/16/2019 04:21:50 PM,,,
11656170,JC225659,10-01-2017 11:20,028XX W WILCOX ST,1153,DECEPTIVE PRACTICE,FINANCIAL IDENTITY THEFT OVER $ 300,,FALSE,FALSE,1124,11,27,27,11,,,2017,04/16/2019 04:21:50 PM,,,
11655917,JC225545,11-10-2018 12:00,019XX N KILPATRICK AVE,1152,DECEPTIVE PRACTICE,ILLEGAL USE CASH CARD,RESIDENCE,FALSE,FALSE,2533,25,36,19,11,,,2018,04/16/2019 04:21:50 PM,,,
11655891,JC225569,11-01-2018 00:01,070XX S MERRILL AVE,2825,OTHER OFFENSE,HARASSMENT BY TELEPHONE,RESIDENCE,FALSE,FALSE,331,3,5,43,26,,,2018,04/16/2019 04:21:50 PM,,,
11656062,JC225818,11-01-2016 00:00,054XX N EAST RIVER RD,1153,DECEPTIVE PRACTICE,FINANCIAL IDENTITY THEFT OVER $ 300,OTHER,FALSE,FALSE,1614,16,41,76,11,,,2016,04/16/2019 04:21:50 PM,,,
10250863,HY438115,09/23/2015 04:00:00 PM,027XX N LAKE SHORE DR,320,ROBBERY,STRONGARM - NO WEAPON,PARK PROPERTY,FALSE,FALSE,1935,19,43,7,3,1173821,1918564,2015,02-10-2018 15:50,41.9319537,-87.63664461,"(41.931953704, -87.636644607)"
11655969,JC225381,01-01-2012 00:00,001XX W RANDOLPH ST,486,BATTERY,DOMESTIC BATTERY SIMPLE,RESIDENCE,FALSE,FALSE,122,1,42,32,08B,,,2012,04/16/2019 04:21:50 PM,,,
10250883,HY438122,09/25/2015 04:30:00 AM,047XX N DAMEN AVE,1305,CRIMINAL DAMAGE,CRIMINAL DEFACEMENT,SMALL RETAIL STORE,FALSE,FALSE,1912,19,47,4,14,1162150,1931647,2015,10-09-2015 15:58,41.96810638,-87.67916672,"(41.968106381, -87.679166724)"
11142706,JA502694,06/17/2016 02:00:00 PM,023XX W AUGUSTA BLVD,1130,DECEPTIVE PRACTICE,FRAUD OR CONFIDENCE GAME,RESIDENCE,FALSE,FALSE,1212,12,1,24,11,,,2016,06-04-2019 16:01,,,
11161675,JA497413,11-04-2017 15:18,030XX W WALNUT ST,2050,NARCOTICS,CRIMINAL DRUG CONSPIRACY,SIDEWALK,TRUE,FALSE,1222,12,27,27,18,,,2017,02/24/2018 03:52:13 PM,,,
11161687,JA514002,11/16/2017 12:20:00 PM,062XX S DR MARTIN LUTHER KING JR DR,2017,NARCOTICS,MANU/DELIVER:CRACK,SIDEWALK,TRUE,FALSE,311,3,20,40,18,,,2017,02/24/2018 03:52:13 PM,,,
11161713,JA511848,11/14/2017 03:09:08 PM,004XX E 89TH ST,1812,NARCOTICS,POSS: CANNABIS MORE THAN 30GMS,RESIDENCE,TRUE,FALSE,632,6,6,44,18,,,2017,02/24/2018 03:52:13 PM,,,
11163761,JA520737,11/21/2017 03:21:00 PM,004XX N HAMLIN AVE,2024,NARCOTICS,POSS: HEROIN(WHITE),APARTMENT,TRUE,FALSE,1122,11,27,23,18,,,2017,02/24/2018 03:52:13 PM,,,
11238170,JB161151,07-01-2017 09:00,013XX E HYDE PARK BLVD,1153,DECEPTIVE PRACTICE,FINANCIAL IDENTITY THEFT OVER $ 300,RESIDENCE,FALSE,FALSE,222,2,4,39,11,,,2017,02/24/2018 03:52:13 PM,,,
10250992,HY438450,09/25/2015 10:20:00 PM,082XX S STATE ST,860,THEFT,RETAIL THEFT,GAS STATION,FALSE,FALSE,631,6,6,44,6,1177732,1850157,2015,02-10-2018 15:50,41.74415167,-87.62434741,"(41.744151668, -87.62434741)"
11238954,JB162665,12/20/2017 09:00:00 AM,073XX S SOUTH SHORE DR,610,BURGLARY,FORCIBLE ENTRY,APARTMENT,FALSE,FALSE,334,3,7,43,5,,,2017,02/24/2018 03:54:24 PM,,,
11238534,JB162584,12-10-2017 00:00,055XX N MANGO AVE,1150,DECEPTIVE PRACTICE,CREDIT CARD FRAUD,RESIDENCE,FALSE,FALSE,1622,16,45,11,11,,,2017,02/24/2018 03:54:24 PM,,,
10251100,HY438539,09-07-2015 05:00,073XX S MAPLEWOOD AVE,2825,OTHER OFFENSE,HARASSMENT BY TELEPHONE,RESIDENCE,FALSE,FALSE,835,8,18,66,26,1160645,1855953,2015,02-10-2018 15:50,41.76042604,-87.68679656,"(41.760426043, -87.686796556)"
11239151,JB160169,10/18/2017 03:13:00 PM,015XX E 53RD ST,1120,DECEPTIVE PRACTICE,FORGERY,BANK,FALSE,FALSE,234,2,4,41,10,,,2017,02/24/2018 03:54:24 PM,,,
11237310,JB160971,02/22/2006 12:00:00 PM,063XX S TALMAN AVE,1153,DECEPTIVE PRACTICE,FINANCIAL IDENTITY THEFT OVER $ 300,RESIDENCE,FALSE,FALSE,825,8,16,66,11,,,2006,10/27/2018 04:00:07 PM,,,
11238615,JB162613,05/27/2014 07:00:00 AM,002XX S LA SALLE ST,810,THEFT,OVER $500,COMMERCIAL / BUSINESS OFFICE,FALSE,FALSE,122,1,42,32,6,,,2014,02/24/2018 03:54:24 PM,,,
10251270,HY437725,09/23/2015 08:00:00 PM,031XX S SHIELDS AVE,810,THEFT,OVER $500,OTHER,FALSE,FALSE,915,9,11,34,6,1174464,1884233,2015,02-10-2018 15:50,41.83773305,-87.6353079,"(41.837733046, -87.635307899)"
11238704,JB162786,05-01-2010 00:00,033XX W 63RD PL,265,CRIM SEXUAL ASSAULT,AGGRAVATED: OTHER,RESIDENCE,FALSE,FALSE,823,8,23,66,2,,,2010,01/23/2019 11:23:07 AM,,,
11238577,JB161247,01-01-2015 00:01,050XX W ADDISON ST,1752,OFFENSE INVOLVING CHILDREN,AGG CRIM SEX ABUSE FAM MEMBER,RESIDENCE,FALSE,FALSE,1634,16,38,15,20,,,2015,02/24/2018 03:54:24 PM,,,
11238826,JB162618,02/17/2018 10:00:00 AM,048XX W WARNER AVE,820,THEFT,$500 AND UNDER,RESIDENCE PORCH/HALLWAY,FALSE,FALSE,1624,16,45,15,6,,,2018,02/24/2018 03:54:24 PM,,,
10251314,HY438813,09/25/2015 05:00:00 PM,050XX W BARRY AVE,1320,CRIMINAL DAMAGE,TO VEHICLE,STREET,FALSE,FALSE,2521,25,30,19,14,1142289,1920143,2015,02-10-2018 15:50,41.93693127,-87.75248161,"(41.93693127, -87.752481614)"
11238816,JB162955,05-01-2011 00:01,022XX W ROSCOE ST,281,CRIM SEXUAL ASSAULT,NON-AGGRAVATED,APARTMENT,FALSE,TRUE,1921,19,32,5,2,,,2011,02/24/2018 03:54:24 PM,,,
11238622,JB162755,11/20/2017 08:00:00 AM,021XX E 97TH PL,1154,DECEPTIVE PRACTICE,FINANCIAL IDENTITY THEFT $300 AND UNDER,RESIDENCE,FALSE,FALSE,431,4,7,51,11,,,2017,02/24/2018 03:54:24 PM,,,
11238548,JB153409,06-02-2017 00:00,011XX N LONG AVE,1562,SEX OFFENSE,AGG CRIMINAL SEXUAL ABUSE,RESIDENCE,FALSE,FALSE,1524,15,37,25,17,,,2017,02/24/2018 03:54:24 PM,,,
11347553,JB306496,12/20/2017 07:00:00 PM,009XX S LOOMIS ST,460,BATTERY,SIMPLE,OTHER,FALSE,FALSE,1231,12,28,28,08B,,,2017,06-04-2019 16:01,,,
11238757,JB162974,11/15/2017 07:00:00 PM,005XX S WELLS ST,890,THEFT,FROM BUILDING,BAR OR TAVERN,FALSE,FALSE,123,1,2,32,6,,,2017,02/24/2018 03:54:24 PM,,,
11238698,JB162477,02-09-2009 08:00,014XX W BIRCHWOOD AVE,1154,DECEPTIVE PRACTICE,FINANCIAL IDENTITY THEFT $300 AND UNDER,NURSING HOME/RETIREMENT HOME,FALSE,FALSE,2422,24,49,1,11,,,2009,02/24/2018 03:54:24 PM,,,
11238775,JB161677,12/25/2017 06:00:00 PM,108XX S AVENUE M,1751,OFFENSE INVOLVING CHILDREN,CRIM SEX ABUSE BY FAM MEMBER,RESIDENCE,FALSE,FALSE,432,4,10,52,20,,,2017,02/24/2018 03:54:24 PM,,,
11238620,JB162514,07-01-2017 00:01,080XX S EBERHART AVE,1153,DECEPTIVE PRACTICE,FINANCIAL IDENTITY THEFT OVER $ 300,RESIDENCE,FALSE,FALSE,631,6,6,44,11,,,2017,02/24/2018 03:54:24 PM,,,
11235970,JB159057,02/17/2018 02:00:00 PM,046XX N RAVENSWOOD AVE,890,THEFT,FROM BUILDING,COMMERCIAL / BUSINESS OFFICE,FALSE,FALSE,1912,19,47,3,6,,,2018,02/24/2018 03:54:24 PM,,,
11238874,JB163097,10/26/2017 12:01:00 AM,061XX N SHERIDAN RD,620,BURGLARY,UNLAWFUL ENTRY,APARTMENT,TRUE,FALSE,2433,24,48,77,5,,,2017,07-04-2018 15:51,,,
11238684,JB162887,02-06-2017 15:00,062XX S MICHIGAN AVE,1153,DECEPTIVE PRACTICE,FINANCIAL IDENTITY THEFT OVER $ 300,OTHER,FALSE,FALSE,311,3,20,40,11,,,2017,02/24/2018 03:54:24 PM,,,
11239233,JB163510,01-01-2010 00:01,071XX S LANGLEY AVE,1154,DECEPTIVE PRACTICE,FINANCIAL IDENTITY THEFT $300 AND UNDER,OTHER,FALSE,FALSE,323,3,6,69,11,,,2010,02/24/2018 03:54:24 PM,,,
10028158,HY217652,04-11-2015 01:00,041XX W CERMAK RD,430,BATTERY,AGGRAVATED: OTHER DANG WEAPON,STREET,FALSE,FALSE,1013,10,22,29,04B,1149024,1889053,2015,02-10-2018 15:50,41.85148914,-87.72853472,"(41.851489136, -87.728534724)"
10251991,HY439804,09/27/2015 01:30:00 AM,039XX S DR MARTIN LUTHER KING JR DR,486,BATTERY,DOMESTIC BATTERY SIMPLE,STREET,FALSE,TRUE,213,2,3,38,08B,1179499,1879101,2015,02-10-2018 15:50,41.82353669,-87.61698944,"(41.823536688, -87.616989442)"
10252218,HY440092,09/26/2015 07:41:00 PM,006XX W BRIAR PL,1153,DECEPTIVE PRACTICE,FINANCIAL IDENTITY THEFT OVER $ 300,RESIDENCE,FALSE,FALSE,1934,19,44,6,11,1171465,1921163,2015,02-10-2018 15:50,41.93913767,-87.64522583,"(41.939137674, -87.645225831)"
11643640,JC210541,08/31/2014 12:00:00 AM,074XX N DAMEN AVE,1754,OFFENSE INVOLVING CHILDREN,AGG SEX ASSLT OF CHILD FAM MBR,RESIDENCE,FALSE,TRUE,2424,24,49,1,2,,,2014,06-04-2019 16:01,,,
10252538,HY440450,09/27/2015 12:00:00 PM,068XX S ROCKWELL ST,820,THEFT,$500 AND UNDER,RESIDENCE,FALSE,FALSE,831,8,15,66,6,1160219,1859220,2015,02-10-2018 15:50,41.76939995,-87.68826807,"(41.769399946, -87.688268074)"
10252550,HY440528,09/27/2015 03:30:00 PM,005XX W 43RD ST,460,BATTERY,SIMPLE,SIDEWALK,FALSE,FALSE,925,9,11,61,08B,1173317,1876407,2015,02-10-2018 15:50,41.8162833,-87.63974857,"(41.816283301, -87.639748568)"
11239633,JB164105,11/30/2017 04:30:00 PM,028XX E 76TH ST,1150,DECEPTIVE PRACTICE,CREDIT CARD FRAUD,SMALL RETAIL STORE,FALSE,FALSE,421,4,7,43,11,,,2017,02/25/2018 03:51:49 PM,,,
10252618,HY440653,09/27/2015 04:30:00 PM,020XX W WARREN BLVD,1320,CRIMINAL DAMAGE,TO VEHICLE,STREET,FALSE,FALSE,1223,12,2,28,14,1162830,1900353,2015,02-10-2018 15:50,41.88221937,-87.67754642,"(41.882219372, -87.677546419)"
11239699,JB163625,02-03-2017 12:00,003XX W Ohio St,1153,DECEPTIVE PRACTICE,FINANCIAL IDENTITY THEFT OVER $ 300,,FALSE,FALSE,1831,18,42,8,11,,,2017,02/25/2018 03:51:49 PM,,,
10252726,HY440774,09/27/2015 06:26:00 PM,038XX S GILES AVE,2021,NARCOTICS,POSS: BARBITUATES,SIDEWALK,TRUE,FALSE,212,2,3,35,18,1178889,1879691,2015,02-10-2018 15:50,41.82516963,-87.6192093,"(41.825169629, -87.619209296)"
10252729,HY440736,09/27/2015 06:37:00 PM,003XX W 118TH ST,143A,WEAPONS VIOLATION,UNLAWFUL POSS OF HANDGUN,RESIDENTIAL YARD (FRONT/BACK),TRUE,FALSE,522,5,34,53,15,1175951,1826672,2015,02-10-2018 15:50,41.67974562,-87.63157447,"(41.679745623, -87.631574466)"
11239867,JB164328,12/28/2017 12:01:00 AM,054XX W POTOMAC AVE,620,BURGLARY,UNLAWFUL ENTRY,RESIDENCE,FALSE,TRUE,2532,25,37,25,5,,,2017,04/27/2018 03:59:54 PM,,,
11234869,JB157599,02/18/2018 03:00:00 PM,041XX S MARYLAND AVE,910,MOTOR VEHICLE THEFT,AUTOMOBILE,OTHER,FALSE,FALSE,214,2,4,36,7,,,2018,02/25/2018 03:51:49 PM,,,
11239675,JB164028,11-01-2017 09:00,100XX S MAY ST,1153,DECEPTIVE PRACTICE,FINANCIAL IDENTITY THEFT OVER $ 300,RESIDENCE,FALSE,FALSE,2232,22,34,73,11,,,2017,02/25/2018 03:51:49 PM,,,
11239313,JB163635,04/16/2016 09:00:00 AM,023XX E 70TH PL,1153,DECEPTIVE PRACTICE,FINANCIAL IDENTITY THEFT OVER $ 300,POOL ROOM,FALSE,FALSE,331,3,5,43,11,,,2016,02/25/2018 03:51:49 PM,,,
10252911,HY440984,09/27/2015 11:20:00 PM,057XX N KENMORE AVE,560,ASSAULT,SIMPLE,RESIDENCE PORCH/HALLWAY,TRUE,FALSE,2022,20,48,77,08A,1168207,1938358,2015,02-10-2018 15:50,41.98639249,-87.65670073,"(41.986392486, -87.656700734)"
10252917,HY440999,09/27/2015 11:38:00 PM,015XX E 75TH ST,2027,NARCOTICS,POSS: CRACK,SIDEWALK,TRUE,FALSE,324,3,5,43,18,1187762,1855563,2015,02-10-2018 15:50,41.7587536,-87.58742517,"(41.758753595, -87.587425173)"
11239610,JB164049,06-01-2011 10:00,029XX N TROY ST,1261,DECEPTIVE PRACTICE,UNAUTHORIZED VIDEOTAPING,RESIDENCE,FALSE,TRUE,1411,14,35,21,11,,,2011,02/25/2018 03:51:49 PM,,,
11239247,JB163577,06-01-2017 09:00,066XX S CHAMPLAIN AVE,1154,DECEPTIVE PRACTICE,FINANCIAL IDENTITY THEFT $300 AND UNDER,APARTMENT,FALSE,FALSE,321,3,20,42,11,,,2017,02/25/2018 03:51:49 PM,,,
10253120,HY440067,09/27/2015 03:15:00 AM,019XX W SUNNYSIDE AVE,031A,ROBBERY,ARMED: HANDGUN,SIDEWALK,FALSE,FALSE,1912,19,47,4,3,1162850,1929904,2015,02-10-2018 15:50,41.96330882,-87.676642,"(41.963308817, -87.676641996)"
10253496,HY441238,09/25/2015 11:45:00 AM,083XX S BALTIMORE AVE,820,THEFT,$500 AND UNDER,STREET,FALSE,FALSE,423,4,10,46,6,1196786,1850233,2015,02-10-2018 15:50,41.74390821,-87.55453029,"(41.743908212, -87.554530286)"
11239398,JB163724,01-01-2016 06:00,081XX S DORCHESTER AVE,1153,DECEPTIVE PRACTICE,FINANCIAL IDENTITY THEFT OVER $ 300,RESIDENCE,FALSE,FALSE,411,4,8,45,11,,,2016,02/25/2018 03:51:49 PM,,,
11160717,JA513216,11/15/2017 06:11:08 PM,062XX S HONORE ST,2024,NARCOTICS,POSS: HEROIN(WHITE),APARTMENT,TRUE,FALSE,714,7,15,67,18,,,2017,02/27/2018 03:57:47 PM,,,
10253638,HY441495,09/28/2015 11:44:00 AM,016XX W HOWARD ST,1811,NARCOTICS,POSS: CANNABIS 30GMS OR LESS,PARK PROPERTY,TRUE,FALSE,2422,24,49,1,18,1164177,1950345,2015,02-10-2018 15:50,42.0193715,-87.67118199,"(42.019371503, -87.671181992)"
10253726,HY441581,09/28/2015 12:15:00 PM,001XX W JACKSON BLVD,820,THEFT,$500 AND UNDER,SIDEWALK,TRUE,FALSE,122,1,2,32,6,1174916,1898956,2015,02-10-2018 15:50,41.87812392,-87.63320879,"(41.878123916, -87.633208786)"
10253746,HY441586,09/28/2015 12:48:00 PM,056XX W BELMONT AVE,486,BATTERY,DOMESTIC BATTERY SIMPLE,CONVENIENCE STORE,FALSE,TRUE,1633,16,38,15,08B,1138353,1920714,2015,02-10-2018 15:50,41.93857042,-87.76693331,"(41.938570422, -87.766933312)"
11703067,JC282181,05/28/2019 07:50:00 AM,009XX N MICHIGAN AVE,810,THEFT,OVER $500,HOTEL/MOTEL,FALSE,FALSE,1833,18,42,8,6,,,2019,06-04-2019 16:10,,,
10253969,HY441724,09/21/2015 12:00:00 PM,026XX W HURON ST,1156,DECEPTIVE PRACTICE,ATTEMPT - FINANCIAL IDENTITY THEFT,OTHER,FALSE,FALSE,1221,12,26,24,11,1158562,1904562,2015,02-10-2018 15:50,41.89385767,-87.69310323,"(41.893857674, -87.693103229)"
10254059,HY441696,09/27/2015 09:55:00 PM,071XX W ALTGELD ST,051A,ASSAULT,AGGRAVATED: HANDGUN,STREET,FALSE,FALSE,2512,25,36,18,04A,1128058,1915825,2015,02-10-2018 15:50,41.92533482,-87.80488135,"(41.925334819, -87.804881354)"
10254100,HY441912,09/28/2015 01:30:00 PM,022XX W JACKSON BLVD,320,ROBBERY,STRONGARM - NO WEAPON,SIDEWALK,FALSE,FALSE,1225,12,2,28,3,1161695,1898662,2015,02-10-2018 15:50,41.87760284,-87.68176128,"(41.877602843, -87.681761281)"
10254141,HY440919,09/27/2015 10:02:00 PM,078XX S ADA ST,610,BURGLARY,FORCIBLE ENTRY,APARTMENT,FALSE,FALSE,612,6,17,71,5,1168799,1852878,2015,02-10-2018 15:50,41.75181577,-87.65700044,"(41.751815774, -87.657000438)"
10254282,HY442169,09/28/2015 08:00:00 AM,047XX W PARKER AVE,1320,CRIMINAL DAMAGE,TO VEHICLE,STREET,FALSE,FALSE,2521,25,31,19,14,1144309,1917829,2015,02-10-2018 15:50,41.93054364,-87.74511609,"(41.930543637, -87.745116091)"
11240943,JB165716,05-04-2016 10:15,014XX N SPRINGFIELD AVE,5007,OTHER OFFENSE,OTHER WEAPONS VIOLATION,APARTMENT,FALSE,FALSE,2535,25,30,23,26,,,2016,02/26/2018 03:59:32 PM,,,
11240481,JB164950,07-11-2017 20:30,063XX S TROY ST,1153,DECEPTIVE PRACTICE,FINANCIAL IDENTITY THEFT OVER $ 300,,FALSE,FALSE,823,8,15,66,11,,,2017,02/26/2018 03:59:32 PM,,,
10254978,HY442691,09/23/2015 07:00:00 PM,017XX W FLETCHER ST,820,THEFT,$500 AND UNDER,STREET,FALSE,FALSE,1931,19,32,6,6,1164105,1920958,2015,02-10-2018 15:50,41.93873407,-87.6722815,"(41.938734071, -87.672281498)"
11240920,JB165739,11-01-2015 08:00,018XX S TROY ST,1153,DECEPTIVE PRACTICE,FINANCIAL IDENTITY THEFT OVER $ 300,RESIDENCE,FALSE,FALSE,1022,10,24,29,11,,,2015,02/26/2018 03:59:32 PM,,,
11240352,JB164992,12/28/2017 08:00:00 AM,062XX W 65TH ST,910,MOTOR VEHICLE THEFT,AUTOMOBILE,PARKING LOT/GARAGE(NON.RESID.),FALSE,FALSE,812,8,13,64,7,,,2017,02/26/2018 03:59:32 PM,,,
10255253,HY442797,09/29/2015 10:00:00 AM,075XX S STONY ISLAND AVE,2850,PUBLIC PEACE VIOLATION,BOMB THREAT,HOSPITAL BUILDING/GROUNDS,FALSE,FALSE,411,4,8,43,26,1188234,1855158,2015,02-10-2018 15:50,41.757631,-87.58570825,"(41.757630995, -87.585708249)"
11240105,JB164620,07/16/2016 06:00:00 PM,003XX E RANDOLPH ST,486,BATTERY,DOMESTIC BATTERY SIMPLE,PARK PROPERTY,FALSE,TRUE,114,1,42,32,08B,,,2016,02/26/2018 03:59:32 PM,,,
11240618,JB161276,01-01-2013 00:00,038XX W 61ST PL,1752,OFFENSE INVOLVING CHILDREN,AGG CRIM SEX ABUSE FAM MEMBER,RESIDENCE,TRUE,FALSE,823,8,13,65,20,,,2013,05/28/2018 03:46:35 PM,,,
11240431,JB159355,11-01-2017 00:01,073XX S CHAMPLAIN AVE,1754,OFFENSE INVOLVING CHILDREN,AGG SEX ASSLT OF CHILD FAM MBR,APARTMENT,FALSE,FALSE,323,3,6,69,2,,,2017,02/26/2018 03:59:32 PM,,,
11240504,JB164932,02/17/2018 01:47:00 AM,041XX N GREENVIEW AVE,820,THEFT,$500 AND UNDER,RESIDENCE PORCH/HALLWAY,FALSE,FALSE,1912,19,47,6,6,,,2018,02/26/2018 03:59:32 PM,,,
11240893,JB165685,04-01-2016 08:00,001XX N LECLAIRE AVE,1153,DECEPTIVE PRACTICE,FINANCIAL IDENTITY THEFT OVER $ 300,RESIDENCE,FALSE,FALSE,1532,15,28,25,11,,,2016,02/26/2018 03:59:32 PM,,,
11240927,JB165730,04/19/2014 12:01:00 AM,075XX S COLES AVE,1153,DECEPTIVE PRACTICE,FINANCIAL IDENTITY THEFT OVER $ 300,APARTMENT,FALSE,FALSE,421,4,7,43,11,,,2014,02/26/2018 03:59:32 PM,,,
11240500,JB165087,06/17/2016 06:20:00 PM,047XX N MARIA CT,1153,DECEPTIVE PRACTICE,FINANCIAL IDENTITY THEFT OVER $ 300,,FALSE,FALSE,1614,16,36,76,11,,,2016,02/26/2018 03:59:32 PM,,,
10255536,HY443118,09/23/2015 01:00:00 PM,075XX S STONY ISLAND AVE,1120,DECEPTIVE PRACTICE,FORGERY,OTHER,FALSE,FALSE,411,4,8,43,10,1188234,1855158,2015,02-10-2018 15:50,41.757631,-87.58570825,"(41.757630995, -87.585708249)"
10255584,HY443178,09/28/2015 12:00:00 PM,061XX S WABASH AVE,820,THEFT,$500 AND UNDER,CTA BUS,FALSE,TRUE,311,3,20,40,6,1177768,1864415,2015,02-10-2018 15:50,41.78327639,-87.62378456,"(41.783276387, -87.623784561)"
10255643,HY443330,09/29/2015 05:00:00 PM,071XX S SOUTH CHICAGO AVE,320,ROBBERY,STRONGARM - NO WEAPON,STREET,FALSE,FALSE,323,3,5,69,3,1182926,1857984,2015,02-10-2018 15:50,41.76551076,-87.60507347,"(41.76551076, -87.60507347)"
11240942,JB165712,09-01-2016 12:04,028XX N KEATING AVE,5007,OTHER OFFENSE,OTHER WEAPONS VIOLATION,RESIDENCE,FALSE,FALSE,2521,25,31,19,26,,,2016,02/26/2018 03:59:32 PM,,,
10255728,HY443436,09/29/2015 06:00:00 PM,044XX W OGDEN AVE,1360,CRIMINAL TRESPASS,TO VEHICLE,STREET,FALSE,FALSE,1013,10,22,29,26,1147364,1887623,2015,02-10-2018 15:50,41.84759695,-87.73466398,"(41.847596951, -87.734663977)"
11240486,JB164876,02/22/2016 11:55:00 PM,036XX W POLK ST,1153,DECEPTIVE PRACTICE,FINANCIAL IDENTITY THEFT OVER $ 300,,FALSE,FALSE,1133,11,24,27,11,,,2016,02/26/2018 03:59:32 PM,,,
10293585,HY476300,10/25/2015 06:54:00 PM,033XX W CONGRESS PKWY,1821,NARCOTICS,MANU/DEL:CANNABIS 10GM OR LESS,STREET,TRUE,FALSE,1134,11,24,27,18,,,2015,06/18/2016 03:52:05 PM,,,
10255756,HY443111,09/29/2015 02:35:00 PM,035XX N CICERO AVE,460,BATTERY,SIMPLE,SMALL RETAIL STORE,FALSE,FALSE,1731,17,30,15,08B,1143752,1923051,2015,02-10-2018 15:50,41.94488377,-87.74703172,"(41.944883765, -87.747031722)"
11609811,JC168854,02/17/2019 01:00:00 AM,023XX W HARRISON ST,1320,CRIMINAL DAMAGE,TO VEHICLE,RESIDENCE-GARAGE,FALSE,FALSE,1225,12,28,28,14,,,2019,03-01-2019 16:09,,,
11240912,JB165677,12-11-2017 10:00,058XX W IRVING PARK RD,1582,OFFENSE INVOLVING CHILDREN,CHILD PORNOGRAPHY,RESIDENCE,FALSE,FALSE,1624,16,38,15,17,,,2017,02/26/2018 03:59:32 PM,,,
11240497,JB164894,02-01-2018 13:00,008XX E 88TH PL,1153,DECEPTIVE PRACTICE,FINANCIAL IDENTITY THEFT OVER $ 300,,FALSE,FALSE,632,6,8,44,11,,,2018,02/26/2018 03:59:32 PM,,,
11709639,JC290513,09-01-2018 08:00,014XX E 70TH ST,890,THEFT,FROM BUILDING,"SCHOOL, PUBLIC, BUILDING",FALSE,FALSE,332,3,5,43,6,,,2018,06-04-2019 16:10,,,
10255800,HY443491,09/29/2015 07:33:00 PM,044XX W THOMAS ST,460,BATTERY,SIMPLE,RESIDENCE,FALSE,FALSE,1111,11,37,23,08B,1146672,1906961,2015,02-10-2018 15:50,41.90067595,-87.73671034,"(41.900675948, -87.73671034)"
10342364,HY524382,12-04-2015 11:00,062XX S MAPLEWOOD AVE,2017,NARCOTICS,MANU/DELIVER:CRACK,VEHICLE NON-COMMERCIAL,TRUE,FALSE,825,8,15,66,18,,,2015,02/27/2018 03:59:52 PM,,,
10255881,HY443598,09/18/2015 02:45:00 AM,007XX E 107TH ST,1585,SEX OFFENSE,OTHER,FACTORY/MANUFACTURING BUILDING,FALSE,FALSE,513,5,9,50,17,1182980,1833894,2015,02-10-2018 15:50,41.69940379,-87.60562208,"(41.699403785, -87.605622083)"
10255912,HY443240,10/16/2014 12:01:00 AM,084XX S CRANDON AVE,1154,DECEPTIVE PRACTICE,FINANCIAL IDENTITY THEFT $300 AND UNDER,RESIDENCE,FALSE,FALSE,412,4,8,46,11,1192976,1849419,2014,02-10-2018 15:50,41.7417683,-87.5685167,"(41.741768301, -87.5685167)"
10255931,HY443698,09/29/2015 04:00:00 PM,087XX W FOSTER AVE,2826,OTHER OFFENSE,HARASSMENT BY ELECTRONIC MEANS,RESIDENCE,FALSE,FALSE,1614,16,41,76,26,1117233,1933399,2015,02-10-2018 15:50,41.97373638,-87.84429011,"(41.973736379, -87.844290113)"
11242970,JB168374,10-09-2017 17:00,041XX W CERMAK RD,1540,OBSCENITY,OBSCENE MATTER,RESIDENCE,TRUE,FALSE,1013,10,22,29,17,,,2017,03-03-2018 15:51,,,
9716752,HX336906,07-08-2014 17:50,039XX W THOMAS ST,2017,NARCOTICS,MANU/DELIVER:CRACK,ALLEY,TRUE,FALSE,1112,11,27,23,18,,,2014,03-03-2018 15:51,,,
9723359,HX321519,06/27/2014 07:10:00 PM,004XX S LARAMIE AVE,2015,NARCOTICS,MANU/DELIVER: HALLUCINOGEN,VEHICLE NON-COMMERCIAL,TRUE,FALSE,1522,15,29,25,18,,,2014,03-03-2018 15:51,,,
9723532,HX336374,07-08-2014 12:00,007XX E 130TH ST,2024,NARCOTICS,POSS: HEROIN(WHITE),VEHICLE NON-COMMERCIAL,TRUE,FALSE,533,5,9,54,18,,,2014,03-03-2018 15:51,,,
9789131,HX424343,09-11-2014 12:20,0000X N WESTERN AVE,2014,NARCOTICS,MANU/DELIVER: HEROIN (WHITE),PARKING LOT/GARAGE(NON.RESID.),TRUE,FALSE,1223,12,2,28,18,,,2014,03-03-2018 15:51,,,
10256313,HY434666,09/23/2015 06:40:00 AM,0000X W CHECKPOINT 7 ST,5007,OTHER OFFENSE,OTHER WEAPONS VIOLATION,AIRPORT TERMINAL UPPER LEVEL - SECURE AREA,FALSE,FALSE,1653,16,41,76,26,1101708,1934306,2015,02-10-2018 15:50,41.97645432,-87.90136461,"(41.976454319, -87.901364605)"
11235976,JB159019,02/20/2018 12:21:00 PM,062XX S DR MARTIN LUTHER KING JR DR,810,THEFT,OVER $500,APARTMENT,FALSE,FALSE,311,3,20,40,6,,,2018,02/27/2018 03:59:52 PM,,,
10256589,HY444100,09/30/2015 09:00:00 AM,067XX S OGLESBY AVE,910,MOTOR VEHICLE THEFT,AUTOMOBILE,STREET,FALSE,FALSE,331,3,5,43,7,1192924,1860831,2015,02-10-2018 15:50,41.77308501,-87.56833541,"(41.773085006, -87.568335406)"
10256671,HY444152,09/30/2015 12:07:00 PM,037XX N SHEFFIELD AVE,460,BATTERY,SIMPLE,STREET,FALSE,FALSE,1923,19,44,6,08B,1168939,1924942,2015,02-10-2018 15:50,41.94956267,-87.65439948,"(41.949562672, -87.654399484)"
10256912,HY441492,09/25/2015 04:04:00 PM,053XX S LOOMIS BLVD,545,ASSAULT,PRO EMP HANDS NO/MIN INJURY,"SCHOOL, PUBLIC, BUILDING",FALSE,FALSE,934,9,16,61,08A,1167903,1869413,2015,02-10-2018 15:50,41.79720919,-87.65980932,"(41.797209188, -87.659809321)"
10257079,HY444528,09/30/2015 01:40:00 PM,001XX W JACKSON BLVD,890,THEFT,FROM BUILDING,RESTAURANT,FALSE,FALSE,122,1,2,32,6,1174916,1898956,2015,02-10-2018 15:50,41.87812392,-87.63320879,"(41.878123916, -87.633208786)"
11238785,JB162709,09/23/2017 09:00:00 AM,014XX E 68TH ST,1541,OBSCENITY,SALE/DIST OBSCENE MAT TO MINOR,RESIDENCE,TRUE,FALSE,332,3,5,43,17,,,2017,02/27/2018 03:57:47 PM,,,
11239404,JB163576,06/17/2017 02:51:00 PM,028XX N MARMORA AVE,1130,DECEPTIVE PRACTICE,FRAUD OR CONFIDENCE GAME,RESIDENCE,FALSE,FALSE,2514,25,30,19,11,,,2017,02/27/2018 03:57:47 PM,,,
11241841,JB166951,10-05-2017 10:00,022XX W MADISON ST,820,THEFT,$500 AND UNDER,RESIDENCE,FALSE,FALSE,1223,12,2,28,6,,,2017,02/27/2018 03:59:52 PM,,,
11170977,JA535929,12-04-2017 10:00,033XX W FILLMORE ST,2093,NARCOTICS,FOUND SUSPECT NARCOTICS,POLICE FACILITY/VEH PARKING LOT,TRUE,FALSE,1134,11,24,29,18,,,2017,02/27/2018 03:59:52 PM,,,
11241180,JB166109,07/27/2017 11:00:00 AM,024XX W GUNNISON ST,4651,OTHER OFFENSE,SEX OFFENDER: FAIL REG NEW ADD,APARTMENT,TRUE,FALSE,2031,20,47,4,26,,,2017,04/14/2018 03:49:16 PM,,,
11241051,JB165916,08-01-2017 09:00,028XX N ELSTON AVE,1365,CRIMINAL TRESPASS,TO RESIDENCE,RESIDENCE,FALSE,FALSE,1411,14,1,21,26,,,2017,02/27/2018 03:59:52 PM,,,
10257539,HY445058,10-01-2015 05:00,007XX E 107TH ST,1320,CRIMINAL DAMAGE,TO VEHICLE,PARKING LOT/GARAGE(NON.RESID.),FALSE,FALSE,513,5,9,50,14,1182980,1833894,2015,02-10-2018 15:50,41.69940379,-87.60562208,"(41.699403785, -87.605622083)"
11241359,JB166338,10-12-2017 16:00,107XX S DREW ST,2820,OTHER OFFENSE,TELEPHONE THREAT,RESIDENCE,FALSE,TRUE,2212,22,19,75,26,,,2017,02/27/2018 03:59:52 PM,,,
11164928,JA506466,11-10-2017 11:09,003XX W 51ST PL,2024,NARCOTICS,POSS: HEROIN(WHITE),RESIDENCE,TRUE,FALSE,935,9,3,37,18,,,2017,03-03-2018 15:51,,,
11171935,JA530757,11/30/2017 10:00:00 AM,033XX W FILLMORE ST,1812,NARCOTICS,POSS: CANNABIS MORE THAN 30GMS,POLICE FACILITY/VEH PARKING LOT,TRUE,FALSE,1134,11,24,29,18,,,2017,02/27/2018 03:59:52 PM,,,
11237887,JB161415,02/20/2018 11:15:00 AM,0000X E MONROE ST,870,THEFT,POCKET-PICKING,CTA TRAIN,FALSE,FALSE,112,1,42,32,6,,,2018,02/27/2018 03:59:52 PM,,,
11241284,JB166143,10-10-2014 12:00,068XX W 60TH PL,1140,DECEPTIVE PRACTICE,EMBEZZLEMENT,OTHER,FALSE,FALSE,812,8,23,64,12,,,2014,02/27/2018 03:59:52 PM,,,
10257892,HY445302,07-08-2015 18:30,001XX W 103RD PL,810,THEFT,OVER $500,ABANDONED BUILDING,FALSE,FALSE,512,5,34,49,6,1177155,1836325,2015,02-10-2018 15:50,41.70620788,-87.62687752,"(41.706207875, -87.626877516)"
11241260,JB166031,11/14/2017 08:00:00 AM,021XX S RACINE AVE,810,THEFT,OVER $500,WAREHOUSE,TRUE,FALSE,1235,12,25,31,6,,,2017,03-06-2018 15:56,,,
11241405,JB166466,07-08-2016 09:00,072XX N MEADE AVE,1153,DECEPTIVE PRACTICE,FINANCIAL IDENTITY THEFT OVER $ 300,RESIDENCE,FALSE,FALSE,1621,16,41,12,11,,,2016,02/27/2018 03:59:52 PM,,,
11237893,JB161359,02/20/2018 02:45:00 PM,002XX N COLUMBUS DR,810,THEFT,OVER $500,PARKING LOT/GARAGE(NON.RESID.),FALSE,FALSE,114,1,42,32,6,,,2018,02/27/2018 03:59:52 PM,,,
10258067,HY445292,09/30/2015 09:30:00 PM,068XX S LAFAYETTE AVE,910,MOTOR VEHICLE THEFT,AUTOMOBILE,STREET,FALSE,FALSE,722,7,6,69,7,1177013,1859630,2015,02-10-2018 15:50,41.7701629,-87.62669678,"(41.770162902, -87.626696779)"
11241536,JB166343,01/15/2018 01:00:00 AM,092XX S Kimbark Ave,1154,DECEPTIVE PRACTICE,FINANCIAL IDENTITY THEFT $300 AND UNDER,,FALSE,FALSE,413,4,8,47,11,,,2018,02/27/2018 03:59:52 PM,,,
10258077,HY445069,10-01-2015 05:20,007XX E 107TH ST,1320,CRIMINAL DAMAGE,TO VEHICLE,PARKING LOT/GARAGE(NON.RESID.),FALSE,FALSE,513,5,9,50,14,1182980,1833894,2015,02-10-2018 15:50,41.69940379,-87.60562208,"(41.699403785, -87.605622083)"
11169975,JA520863,11/21/2017 05:45:15 PM,108XX S HOXIE AVE,2027,NARCOTICS,POSS: CRACK,RESIDENCE,TRUE,FALSE,434,4,10,51,18,,,2017,03-03-2018 15:51,,,
11241604,JB166043,07-01-2010 08:00,042XX S VINCENNES AVE,1153,DECEPTIVE PRACTICE,FINANCIAL IDENTITY THEFT OVER $ 300,RESIDENCE,FALSE,FALSE,214,2,3,38,11,,,2010,02/27/2018 03:59:52 PM,,,
11241035,JB165925,10/24/2017 12:01:00 AM,079XX S CHAMPLAIN AVE,1154,DECEPTIVE PRACTICE,FINANCIAL IDENTITY THEFT $300 AND UNDER,APARTMENT,FALSE,FALSE,624,6,6,44,11,,,2017,02/27/2018 03:59:52 PM,,,
11240973,JB165829,08/17/2015 12:01:00 AM,001XX N MASON AVE,1153,DECEPTIVE PRACTICE,FINANCIAL IDENTITY THEFT OVER $ 300,RESIDENCE,FALSE,FALSE,1512,15,29,25,11,,,2015,02/27/2018 03:59:52 PM,,,
11237879,JB161398,02/20/2018 07:00:00 PM,009XX W BELMONT AVE,870,THEFT,POCKET-PICKING,CTA TRAIN,FALSE,FALSE,1933,19,44,6,6,,,2018,02/27/2018 03:59:52 PM,,,
11171937,JA520523,11/21/2017 12:26:23 PM,054XX S LONG AVE,1811,NARCOTICS,POSS: CANNABIS 30GMS OR LESS,APARTMENT,TRUE,FALSE,814,8,23,56,18,,,2017,02/27/2018 03:59:52 PM,,,
11241469,JB166493,03-01-2012 09:00,016XX E 69TH ST,1153,DECEPTIVE PRACTICE,FINANCIAL IDENTITY THEFT OVER $ 300,RESIDENCE,FALSE,FALSE,332,3,5,43,11,,,2012,02/27/2018 03:59:52 PM,,,
11241082,JB165967,04-09-2016 15:00,056XX N BROADWAY,1120,DECEPTIVE PRACTICE,FORGERY,AUTO / BOAT / RV DEALERSHIP,FALSE,FALSE,2022,20,48,77,10,,,2016,02/27/2018 03:59:52 PM,,,
11241315,JB166068,11-01-2017 13:00,075XX S PEORIA ST,1310,CRIMINAL DAMAGE,TO PROPERTY,RESIDENCE,FALSE,FALSE,621,6,17,71,14,,,2017,02/27/2018 03:59:52 PM,,,
10258486,HY445710,10-01-2015 10:30,072XX W IBSEN ST,1310,CRIMINAL DAMAGE,TO PROPERTY,RESIDENCE-GARAGE,FALSE,FALSE,1611,16,41,9,14,1127081,1945317,2015,02-10-2018 15:50,42.00628055,-87.80780671,"(42.006280554, -87.807806709)"
11241640,JB166009,10/13/2017 09:00:00 AM,019XX E 72ND PL,820,THEFT,$500 AND UNDER,STREET,FALSE,FALSE,333,3,5,43,6,,,2017,02/27/2018 03:59:52 PM,,,
11241377,JB166426,12/19/2017 06:00:00 PM,055XX N CHRISTIANA AVE,810,THEFT,OVER $500,STREET,FALSE,FALSE,1712,17,40,13,6,,,2017,02/27/2018 03:59:52 PM,,,
10258512,HY445587,10-01-2015 12:00,061XX S WABASH AVE,1153,DECEPTIVE PRACTICE,FINANCIAL IDENTITY THEFT OVER $ 300,APARTMENT,FALSE,FALSE,311,3,20,40,11,1177768,1864415,2015,02-10-2018 15:50,41.78327639,-87.62378456,"(41.783276387, -87.623784561)"
11170972,JA535993,12-04-2017 11:05,033XX W FILLMORE ST,2093,NARCOTICS,FOUND SUSPECT NARCOTICS,POLICE FACILITY/VEH PARKING LOT,TRUE,FALSE,1134,11,24,29,18,,,2017,02/27/2018 03:59:52 PM,,,
11241534,JB166632,02/17/2018 10:00:00 AM,008XX W BUENA AVE,820,THEFT,$500 AND UNDER,APARTMENT,FALSE,FALSE,1915,19,46,3,6,,,2018,02/27/2018 03:59:52 PM,,,
11241459,JB166093,12/27/2017 06:00:00 PM,016XX W TOUHY AVE,2820,OTHER OFFENSE,TELEPHONE THREAT,APARTMENT,FALSE,TRUE,2423,24,49,1,26,,,2017,02/27/2018 03:59:52 PM,,,
10258567,HY445639,10-01-2015 15:30,001XX S CALIFORNIA AVE,2014,NARCOTICS,MANU/DELIVER: HEROIN (WHITE),SIDEWALK,TRUE,FALSE,1124,11,2,27,18,1157744,1899368,2015,10-09-2015 15:58,41.87962157,-87.6962491,"(41.879621567, -87.696249102)"
10258590,HY445857,10-01-2015 16:30,025XX W 64TH ST,486,BATTERY,DOMESTIC BATTERY SIMPLE,APARTMENT,FALSE,TRUE,825,8,15,66,08B,1160608,1862136,2015,02-10-2018 15:50,41.77739385,-87.68676181,"(41.777393849, -87.68676181)"
11241710,JB166819,04/20/2017 12:00:00 AM,002XX N LATROBE AVE,5110,OTHER OFFENSE,GUN OFFENDER: DUTY TO REGISTER,SIDEWALK,TRUE,FALSE,1523,15,28,25,26,,,2017,02/28/2018 03:56:25 PM,,,
11241067,JB165956,02-09-2017 12:00,049XX N MONITOR AVE,2826,OTHER OFFENSE,HARASSMENT BY ELECTRONIC MEANS,RESIDENCE,FALSE,FALSE,1622,16,45,11,26,,,2017,02/27/2018 03:59:52 PM,,,
11241153,JB166035,10-01-2017 00:01,017XX W 80TH ST,1153,DECEPTIVE PRACTICE,FINANCIAL IDENTITY THEFT OVER $ 300,APARTMENT,FALSE,FALSE,611,6,21,71,11,,,2017,02/27/2018 03:59:52 PM,,,
11241262,JB166186,05/30/2017 11:00:00 PM,034XX W PETERSON AVE,460,BATTERY,SIMPLE,RESTAURANT,FALSE,FALSE,1711,17,39,13,08B,,,2017,02/27/2018 03:59:52 PM,,,
10258674,HY445723,10-01-2015 15:50,039XX S DR MARTIN LUTHER KING JR DR,460,BATTERY,SIMPLE,CTA BUS,FALSE,FALSE,213,2,3,38,08B,1179499,1879101,2015,02-10-2018 15:50,41.82353669,-87.61698944,"(41.823536688, -87.616989442)"
11241041,JB165878,01-01-2009 00:01,016XX N KILDARE AVE,1153,DECEPTIVE PRACTICE,FINANCIAL IDENTITY THEFT OVER $ 300,RESIDENCE,FALSE,FALSE,2534,25,30,23,11,,,2009,02/27/2018 03:59:52 PM,,,
10258699,HY445939,10-01-2015 17:30,059XX N GLENWOOD AVE,810,THEFT,OVER $500,"SCHOOL, PUBLIC, BUILDING",FALSE,FALSE,2013,20,48,77,6,1165910,1939379,2015,02-10-2018 15:50,41.98924362,-87.66511973,"(41.989243623, -87.665119726)"
